"Data Source","World Development Indicators",

"Last Updated Date","2026-07-13",

"Country Name","Country Code","Indicator Name","Indicator Code","1960","1961","1962","1963","1964","1965","1966","1967","1968","1969","1970","1971","1972","1973","1974","1975","1976","1977","1978","1979","1980","1981","1982","1983","1984","1985","1986","1987","1988","1989","1990","1991","1992","1993","1994","1995","1996","1997","1998","1999","2000","2001","2002","2003","2004","2005","2006","2007","2008","2009","2010","2011","2012","2013","2014","2015","2016","2017","2018","2019","2020","2021","2022","2023","2024","2025",
"Aruba","ABW","Personal remittances, received (% of GDP)","BX.TRF.PWKR.DT.GD.ZS","","","","","","","","","","","","","","","","","","","","","","","","","","","","","","","","0.294682886723254","0.273892774307692","0.309437864417741","0.313901342551121","0.101522842639594","0.117408906882591","0.12035010940919","0.0972827910097286","0.0353437094682231","0.0578503524696731","0.0704047359115412","0.0677734430617652","0.0133917834575945","0.0646656328424114","0.0347389864417031","0.0419537318079731","0.194033855360905","0.237767080224185","0.354385742317814","0.202643980255645","0.201195823259423","0.18584886898146","2.13159668485519","2.10072203608661","1.81038776710137","1.76577540713876","1.81541773209796","1.12692857436316","1.02355149637244","1.42150522623697","1.24063180398602","1.15068456820342","1.03999725386053","","",
"Africa Eastern and Southern","AFE","Personal remittances, received (% of GDP)","BX.TRF.PWKR.DT.GD.ZS","","","","","","","","","","","","","","","","","","0.500621760221697","0.459558351932787","0.577852590586875","0.641114616190905","0.742873387676265","0.993492980277014","1.06950771477681","1.05227896949785","1.03602414085972","0.810695241715183","0.950537792099526","0.894057141532584","0.989579808066202","0.770652978450324","0.711601756805735","0.913791910690893","0.821011007386313","0.909916696011915","0.852492308812784","0.72025689393746","0.967969052184525","1.09589302674126","1.14966320023038","1.09347223990783","0.891904316380941","1.04777168152755","0.924912130053477","0.954128497530756","0.746946339916146","0.77401297527428","0.810409947782519","0.810840470330185","0.92714445606078","0.929747533356505","1.00407280602711","1.00400364111435","0.993384272881513","1.07241361763421","1.21822792482728","1.11027913734042","1.04015338031305","1.21094373506093","1.26570185572567","1.28884139975004","1.36714300307434","1.5245439573265","1.61808903490211","2.05159564585571","",
"Afghanistan","AFG","Personal remittances, received (% of GDP)","BX.TRF.PWKR.DT.GD.ZS","","","","","","","","","","","","","","","","","","","","","","","","","","","","","","","","","","","","","","","","","","","","","","","","","0.885723661387124","1.13316233567863","2.38515836845792","1.0059846865258","1.10218743514509","1.72321110990224","1.23611373619901","1.82199581344675","3.46484306572226","4.38709328246437","4.45098621835989","4.40742759471936","3.95329685319887","","","","","",
"Africa Western and Central","AFW","Personal remittances, received (% of GDP)","BX.TRF.PWKR.DT.GD.ZS","","","","","","","","","","","","","","","","","","0.427408113661359","0.476667494071517","0.426208396336947","0.474012177994295","0.225463632896251","0.19989138848703","0.267725279465642","0.281833337184451","0.360484761791122","0.511143494256744","0.522780457012983","0.574914699196045","0.615967971356459","0.584178797809632","0.582343865397496","0.702847434355704","1.17593731097908","0.896755739314003","0.505913142313658","0.418265151863104","0.469361538374363","0.405021502251972","1.5563830454078","1.61667626439666","1.45553074379544","1.32905241143594","1.321024492166","1.67109186364095","5.66162721703352","5.29491769810341","4.78477493921982","4.26976603507833","4.55057828267741","4.19306040420062","4.29015147876555","3.96434318294735","3.52967077635087","3.39762051230727","4.20484507579547","4.34769284191473","4.93627172283479","4.8280538372221","3.56308415066504","3.17970463127904","3.12387758488691","3.26811985122237","3.82339358569283","5.50477353459326","",
"Angola","AGO","Personal remittances, received (% of GDP)","BX.TRF.PWKR.DT.GD.ZS","","","","","","","","","","","","","","","","","","","","","","","","","","","","","","","","","","","","","0.0683193199703648","","","","","","","","","","","","0.0830890173432929","0.000198712626449306","0.0188096456130848","0.000163081190046776","0.028103389897302","0.0246144391413154","0.020183217613021","0.0108390667785108","0.00656252281605501","0.00165619816312265","0.0017449075976164","0.00424351721639647","0.0137630678180384","0.0161350488682435","0.0109218272204429","0.0113790077401704","0.0495140569771656","0.0423340594644701",
"Albania","ALB","Personal remittances, received (% of GDP)","BX.TRF.PWKR.DT.GD.ZS","","","","","","","","","","","","","","","","","","","","","","","","","","","","","","","","","23.2759615337456","28.0094210219427","16.3268486067455","14.7086523433297","17.0320712619599","13.0925773880382","19.3873379752822","12.3997336340514","16.6770344143812","17.2281095910701","16.2473863481927","15.3187296457995","15.670684644424","15.6201731609198","14.8567088699863","13.2052550548158","14.0708275191369","13.9247890307559","13.1267801276088","11.963216583924","11.5932923255515","10.0167971204892","10.6872215602712","11.2540904144104","10.8936962925845","9.89437224407924","9.48151283244669","9.45012315653745","9.61841800746962","9.52948598024897","9.17717025231113","8.66778018906039","8.41217848772137","8.39082915664589",
"Andorra","AND","Personal remittances, received (% of GDP)","BX.TRF.PWKR.DT.GD.ZS","","","","","","","","","","","","","","","","","","","","","","","","","","","","","","","","","","","","","","","","","","","","","","","","","","","","","","","","","","","","0.669148879159233","1.64013507046368","1.59419659690427","1.31863016199147","1.27540274077597","1.29408135877458","",
"Arab World","ARB","Personal remittances, received (% of GDP)","BX.TRF.PWKR.DT.GD.ZS","","","","","","","","","","","","","","","","","","","","","","","","","","","","","","","","","","","","","","","","","","","","","","2.57124078593406","2.38061735317572","2.62861681980869","2.38722855990175","2.47301079536614","2.32840259780343","1.89788973847529","2.04585311789014","2.02391623405349","2.22285227346364","2.35778282765356","2.37441685014183","2.51303144646713","2.27573079544691","2.32127620683906","2.70653240748981","2.61699635172054","2.0765121971854","1.6175575106077","1.60814353365951","2.59650263498515",
"United Arab Emirates","ARE","Personal remittances, received (% of GDP)","BX.TRF.PWKR.DT.GD.ZS","","","","","","","","","","","","","","","","","","","","","","","","","","","","","","","","","","","","","","","","","","","","","","","","","","","","","","","","","","","","","","","","0.359500398100958","0.325377481632911","",
"Argentina","ARG","Personal remittances, received (% of GDP)","BX.TRF.PWKR.DT.GD.ZS","","","","","","","","","","","","","","","","","","","0.0291972596105791","0.0606477798448147","0.0727632539285346","0.053382925314063","0.0332117597743446","0.026928486758215","0.0273702995664795","0.0306292987747408","0.0302250711965358","0.0312468737901249","0.0238631449285952","0.0346601768004971","0.0161581685623613","0.0100780109769259","0.00673138932607845","0.0243725533357484","0.0242386581455873","0.0246481295421978","0.0238839095020297","0.0224340040770473","0.0229136648232595","0.0226789361004222","0.030380900529948","0.0705628184933387","0.211442420500352","0.214300874545602","0.189350126740114","0.217417890692876","0.232474118424109","0.210933764847302","0.195029381449765","0.188764794272549","0.152091367663287","0.131541807279184","0.105778682207302","0.0969166746867397","0.0960152008279333","0.0831331023452092","0.0702343224152265","0.0745674778829442","0.0995468179872308","0.125380809015097","0.168011924038753","0.185543785281081","0.166635693990481","0.15535734613336","0.163599877828893","0.134160451487543",
"Armenia","ARM","Personal remittances, received (% of GDP)","BX.TRF.PWKR.DT.GD.ZS","","","","","","","","","","","","","","","","","","","","","","","","","","","","","","","","","","","","4.85930346459512","9.62636126157822","13.9669079129736","8.80000229815208","9.8972579995383","9.52937131880005","9.87694921780921","11.1049155369612","11.9648272324739","22.0185694314846","18.6763974290117","18.3128176140903","17.86140864212","16.3270491787545","16.6491640509821","18.0268391620613","17.7342226487981","18.0330178717679","19.7113773941979","17.9044398383763","14.1327414277054","13.1074628255062","13.3477446383999","11.9427034082853","11.2189210772298","10.4970552541265","11.2171827452107","10.8688335174113","6.39621098617553","4.92468775781423","4.9001453057215",
"American Samoa","ASM","Personal remittances, received (% of GDP)","BX.TRF.PWKR.DT.GD.ZS","","","","","","","","","","","","","","","","","","","","","","","","","","","","","","","","","","","","","","","","","","","","","","","","","","","","","","","","","","","","","","","","","","",
"Antigua and Barbuda","ATG","Personal remittances, received (% of GDP)","BX.TRF.PWKR.DT.GD.ZS","","","","","","","","","","","","","","","","","","","","","","","","","","","3.75893065407881","3.38586724485874","2.9988206508098","2.89917581901918","2.61810088709053","0.604387132245485","0.516976304621049","2.05592921075893","1.91145444617591","0.541079982793656","1.31647833864142","1.2985768606211","2.37475556055767","2.20149204111756","1.92484924220314","2.69735315338884","1.58582386539374","1.7268470664526","1.71500709107246","2.53677897081613","2.2399825583886","2.04064526690987","1.90796491479587","2.0062737661472","2.22777009731304","2.27570759512823","2.18690263078164","2.26082670783716","2.31007836736381","2.17354673183728","1.79280405783904","1.56497100082879","1.97217459978748","2.13590441518768","2.56585012934811","2.82536157975282","1.87445888784076","1.69806053306311","1.21148760189024","0.942474018434592",
"Australia","AUS","Personal remittances, received (% of GDP)","BX.TRF.PWKR.DT.GD.ZS","","","","","","","","","","","0.435606082224011","0.388762261841219","0.43930880762289","0.438894403125952","0.346584607786914","0.29414145456113","0.290153954863081","0.295503106827565","0.350278107456047","0.367002394599918","0.420499621027781","0.418122083487636","0.396834217695239","0.507128396713632","0.493483256403826","0.557902757429279","0.576523453077895","0.735935844889594","0.797046272577153","0.80004887626617","0.759870021720068","0.761272832540867","0.590856575984785","0.352520018099126","0.395016184673305","0.11902859209321","0.128841471826023","0.123474851652745","0.125283081106145","0.136240665421581","0.124329962416334","0.127969397578555","0.117477070111245","0.13907113149848","0.133962220621157","0.13495870556951","0.135364833985169","0.156647908424764","0.144175698328765","0.143239303274217","0.161767025831778","0.174582505193386","0.157183637033589","0.155400601168408","0.157977419123525","0.160277271544431","0.169764353509887","0.147142444025113","0.124289588261104","0.119985461975631","0.0833273223696793","0.0538873539403801","0.0713213074162778","0.0928559687058244","0.100779106840934","0.111354958153523",
"Austria","AUT","Personal remittances, received (% of GDP)","BX.TRF.PWKR.DT.GD.ZS","","","","","","","","","","","0.108255396189662","0.139191965148539","0.164965406721922","0.17889421926161","0.230940084343865","0.218652550961987","0.246047765978642","0.231747318015687","0.249201803745039","0.269388815251101","0.299403666464844","0.316449455164338","0.310805929508266","0.298598252799209","0.291882442752315","0.291385221771689","0.307211186101898","0.323682543917971","0.338031634617066","0.354132205676631","0.382864171061782","0.44616822032543","0.419568713166649","0.405502679018952","0.416765049819626","0.42167724733428","0.417157394490064","0.432207585119531","0.652621583534559","0.836231957079267","0.919819868709328","0.902903963583412","0.932792580393361","0.957185019430853","0.842547223454702","0.736897611610959","0.753856467557343","0.753857899690641","0.743139121501931","0.77679902478277","0.765334983323418","0.757843344487413","0.744483114655028","0.761476324289715","0.738765772881369","0.754481955623161","0.733469470029936","0.712641112254668","0.667854543363003","0.676336187913285","0.69677434560967","0.664274745885735","0.636214157041973","0.631386866730441","0.651189560177177","0.660818428758694",
"Azerbaijan","AZE","Personal remittances, received (% of GDP)","BX.TRF.PWKR.DT.GD.ZS","","","","","","","","","","","","","","","","","","","","","","","","","","","","","","","","","","","","0.124103805417565","0.129009618568859","0.131133894149081","0.141553717374876","1.18945739810866","1.08356085483563","1.82431677750395","2.61890157505979","2.14332251762401","2.34525903598978","4.70528614042723","3.7661645945845","3.83587676218684","3.10805893221251","2.8326399787509","2.66549763240316","2.87035592504128","2.85617334250334","2.33704815215702","2.45405271812669","2.3927167997352","1.69843941411199","2.77334116720313","2.60183768470009","2.64699324657026","3.2864567961961","2.78454087413308","5.012251973723","2.64096975190127","1.81613683390213","1.965008211071",
"Burundi","BDI","Personal remittances, received (% of GDP)","BX.TRF.PWKR.DT.GD.ZS","","","","","","","","","","","","","","","","","","","","","","","","","","","","","","","","","","","","","","","","","","","","","0.00456527293965937","0.00640599084488348","0.000900832124589662","0.0140059745128766","0.226153095027882","1.59010007015964","1.69766901575621","2.03340705682397","1.99508472753777","1.98396904455022","2.07917136601729","1.81892792988976","1.32228982251711","1.19393241146772","1.65744632556755","3.19158012142311","4.55797350513428","4.90478816370204","4.0648096101064","5.72250537521322","7.79852802134993","8.11526725410368",
"Belgium","BEL","Personal remittances, received (% of GDP)","BX.TRF.PWKR.DT.GD.ZS","","","","","","","","","","","","","","","","1.00839781577857","0.926563757740722","0.911182981101882","0.944694653684342","0.89568738729108","0.898116558064477","0.906020723819235","0.909198233149806","0.97353481560073","0.935864905309426","0.947373760174762","0.915203598681065","0.853573660694923","0.881165995137899","1.6664234307954","1.74504806529481","1.88710007274987","1.90628957474287","2.03841256676887","1.88369939227352","1.71398735629275","1.7718518088758","1.71301110813877","1.6262051495013","1.72970095198795","1.69118708877619","1.66141614657148","1.75500262016461","1.81655249139261","1.77742921075937","1.78481779747509","1.7804555291479","1.90941240927213","2.02561362151017","2.28666376827266","2.28294482274635","2.22470095850911","2.24139855673035","2.23147335406485","2.2604623886803","2.26982563344468","2.27430051445446","2.28295012234307","2.29407968780421","2.31583275735738","2.47543593372868","2.38689121016773","2.37322952882526","2.24989889223004","2.30721068013377","2.25329063716293",
"Benin","BEN","Personal remittances, received (% of GDP)","BX.TRF.PWKR.DT.GD.ZS","","","","","","","","","","","","","","","1.33100620909527","2.59888856688582","4.01474058494485","5.22379981240179","6.05441909220782","6.14733419220805","5.47960447300377","4.80250200992902","2.91454634897243","4.00287514622762","4.00195938560034","3.85270300105948","3.8037604695225","3.85465598543897","4.38925672842469","6.07979990252364","5.15567401349837","5.93879797323855","8.04020486581232","4.78747861948642","5.59935522422243","4.55987550271083","3.59651815957365","3.09070318029137","3.63238733139348","2.0402193663685","2.43967221418979","2.26566058286068","1.81453504668844","1.03567964209285","1.01961637199261","2.23731832676257","2.78178404322713","2.94763505011777","2.12371114921527","1.29851188068562","1.46370288914587","1.61021790601816","1.86479559336228","1.98756679939106","2.29333836287905","1.88309227024137","1.87568716496146","1.54134891059863","1.39347012623469","1.50776733495431","1.30443860209878","1.30551361346959","1.43702897358244","1.72082497476655","","",
"Burkina Faso","BFA","Personal remittances, received (% of GDP)","BX.TRF.PWKR.DT.GD.ZS","","","","","","","","","","","","","","","4.78481001684372","5.06978776558428","5.22484950078398","5.31701732782875","5.29110217763214","6.2722538879004","7.79952709669286","8.63595682459379","6.28699690213853","7.07464147981808","6.18117718868171","8.11094045380571","9.41045354451588","7.31190478558733","7.14928358340948","5.93592313052196","4.50368608441348","3.60338657190567","3.83752651162161","3.66373108647953","4.23929423527094","3.28546820793746","2.93864989824209","3.01678957548301","2.5552542223744","2.05052007887606","2.26842017379634","1.56456795349251","1.62143728930486","1.13372747057977","0.814744414938197","0.921925863968498","1.03852026670662","1.10725469495902","1.05531210898895","1.01975417425797","1.19156004110065","1.82998842995804","1.67168609996425","2.29442595791149","2.84234084326367","3.25372238641991","3.09641277300783","2.95484904374504","2.86751537651363","2.91434713959884","2.95970546183422","2.89859371271546","2.81334408479241","2.90654737996497","2.57274984525714","",
"Bangladesh","BGD","Personal remittances, received (% of GDP)","BX.TRF.PWKR.DT.GD.ZS","","","","","","","","","","","","","","","","","0.185440982243288","0.817260573667425","0.869126601591419","1.09947588420206","1.86716193243749","1.88176746993774","2.84184798595121","3.64817267991137","2.64653898029897","2.25541714853454","2.64665008029442","3.07765209527122","2.87302747133692","2.63354545837677","2.46489398309466","2.48523337346491","2.87540936210898","3.03732522639564","3.40813403881952","3.16729631986545","2.89557515603607","3.1641028158335","3.2125653790456","3.52403766089633","3.68659677566545","3.89794627098135","5.22266923917607","5.30538820275249","5.50437314918371","6.21006213483214","7.55966261801311","8.24291009689063","9.75655233462347","10.2665399023146","9.41241447446753","9.3859804789798","10.5915144036117","9.24470026765418","8.66899486049041","7.83797175617291","5.11803588431436","4.59667741438375","4.84382269321267","5.22841813674275","5.81626795895569","5.33437804101103","4.6737649876073","5.04555725354251","6.11494686698428","7.42441824923219",
"Bulgaria","BGR","Personal remittances, received (% of GDP)","BX.TRF.PWKR.DT.GD.ZS","","","","","","","","","","","","","","","","","","","","","","","","","","","","","","","","","","","","","0.337519416574411","0.447126559229233","0.337123696360512","0.311839438408094","0.439623341673452","5.82480533567475","7.17483571376319","8.12674875053948","6.58574256973166","5.39974079857172","4.99220879886857","3.81143133696843","3.521527787119","3.05958657994117","2.62944710893828","2.57122204895735","2.66829586281079","2.98619995728088","3.00943434245636","3.00160460643225","3.02072128581446","3.51461283642772","3.21053029116829","3.1172259348071","2.81662155492469","2.38249062197482","2.31138201391093","2.23710399685377","2.33169813750511","2.10468587201241",
"Bahrain","BHR","Personal remittances, received (% of GDP)","BX.TRF.PWKR.DT.GD.ZS","","","","","","","","","","","","","","","","","","","","","","","","","","","","","","","","","","","","","","","","","","","","","","","","","","","","","","","","","","","","","","","","","","",
"Bahamas, The","BHS","Personal remittances, received (% of GDP)","BX.TRF.PWKR.DT.GD.ZS","","","","","","","","","","","","","","","","","","","","","","","","","","","","","","","","","","","","","","","","","","","","","","","","","","","","","","","","","","","","","0.49025118689208","0.440646340450278","0.416556329514708","0.410399245643789","0.416407710575514","",
"Bosnia and Herzegovina","BIH","Personal remittances, received (% of GDP)","BX.TRF.PWKR.DT.GD.ZS","","","","","","","","","","","","","","","","","","","","","","","","","","","","","","","","","","","","","","","48.1942924129133","39.9633255350326","28.3947024503881","25.8596159177004","22.2306836023478","20.450852223555","20.2155597834802","18.1570785669601","16.7039816714014","17.0255452440982","14.21908016822","12.0758442554945","10.6094046467694","10.5031413371437","10.7142489277239","10.7705358256577","11.3538979135294","10.9794788446721","10.784617736818","11.0053019220778","11.0470149559278","11.3880539007404","9.54729598420506","10.4675310843986","10.5208784489857","10.2332695977764","10.5063635838661","10.7041306769271",
"Belarus","BLR","Personal remittances, received (% of GDP)","BX.TRF.PWKR.DT.GD.ZS","","","","","","","","","","","","","","","","","","","","","","","","","","","","","","","","","","0.00245774622975959","0.0026789119718422","0.203969412617481","0.643428861180466","0.329124117438596","0.354092465972904","0.510772078845656","0.896610533841336","0.543917266438404","0.552247667216307","0.920594142453945","1.034502146352","0.657396214062099","0.725612161429094","0.636765248499207","0.960131319014907","0.990305944135918","1.00520855385655","1.44197805594884","1.60323623987362","1.60669829212816","1.56230434080626","1.64999344176125","2.04636934122529","2.29107483588373","2.40842124890758","2.20275770985534","1.65173922227239","1.95829075886733","2.51903986221285","2.32727539479038","2.34422322962077","2.4711967809362",
"Belize","BLZ","Personal remittances, received (% of GDP)","BX.TRF.PWKR.DT.GD.ZS","","","","","","","","","","","","","","","","","","","","","","","","","6.11331152057861","7.32683579533589","7.83306568860353","5.21422807329561","4.02182957883497","4.46955828955406","3.37448010516813","2.61445757799673","2.83869942147306","2.19340472444755","1.68014536858771","1.69761367179734","2.02860247164925","2.60047916406165","2.51871003296927","2.4423912761767","2.18500558060573","2.42293440764412","2.15740041437119","2.45750707704954","2.4032338577466","3.031497751378","4.01216166455308","4.28552763184669","4.399830016353","4.65508341704994","4.4674149692595","4.11249792720126","3.96152002185937","3.65575977484598","3.7570307808845","3.86413122740168","4.31643119387222","3.98117350466052","4.04707684933587","4.06590139952572","5.89481400963481","5.57356290247454","5.00304345845639","3.87408142483921","3.79385953140795","3.72257769258957",
"Bermuda","BMU","Personal remittances, received (% of GDP)","BX.TRF.PWKR.DT.GD.ZS","","","","","","","","","","","","","","","","","","","","","","","","","","","","","","","","","","","","","","","","","","","","","","","19.2462565104167","21.4295583284077","19.9252130003496","20.2233616642","19.0129001022245","18.617914945364","18.669495581299","18.9442100543097","20.8245277327028","21.7203796852554","20.9559707375665","21.0849716681847","20.02160263491","20.8424125114085","22.854911149781","22.7105586583065","22.5867631233528","23.660000747264","","",
"Bolivia","BOL","Personal remittances, received (% of GDP)","BX.TRF.PWKR.DT.GD.ZS","","","","","","","","","","","","","","","","","0.0512448086043866","0.0557718199463","0.053216669769421","0.0226175959797509","0.030854132619851","0.0797746087667899","0.0482649098348162","0.092205724294415","0.0940111185837994","0.111580647539857","0.202051691820527","0.197794083302363","0.0978768901207126","0.180238504579449","0.0945027601041669","0.0636315382651796","0.06732970097662","0.0732383591706342","0.0752354511144617","0.080415040103725","0.144654232673761","1.07119378188568","1.04030662705847","1.15871156776348","1.51074283464511","1.66160681344515","1.42812234680867","1.95692393782368","2.39995243012735","3.52953941467275","5.26530070800242","8.04388638440567","6.80520358115113","6.10109847905471","4.88664757003882","4.35249959614118","4.10025014391943","3.91834762999265","3.56697642694151","3.60894254325224","3.67293280792535","3.06569885298805","2.86751877583009","2.72260819170539","2.66229538411819","2.96057833302062","2.86351523412907","2.76774446913979","2.33168794424645","1.95772348318128",
"Brazil","BRA","Personal remittances, received (% of GDP)","BX.TRF.PWKR.DT.GD.ZS","","","","","","","","","","","","","","","","0.0634657458522922","0.0528827810197316","0.034591460397625","0.0564213919891758","0.032981201854162","0.0467578112821041","0.0480591888135254","0.0210088591442216","0.0152908015456378","0.0244239175581779","0.0189681475100185","0.0155957061178681","0.0148380093768066","0.0103935946880066","0.0290563359051144","0.148846703717366","0.324055336230634","0.545717291033371","0.33859000021437","0.39362774746784","0.383708979643232","0.242113829030052","0.177987885057569","0.143103462212751","0.250316011741059","0.205903522832894","0.2587422042289","0.393057978948569","0.409627690516944","0.420223881591128","0.314631171954278","0.296775300792405","0.236608669672595","0.214793412211116","0.173315277293489","0.13956669623869","0.122875010809796","0.112933662857454","0.109901876363478","0.107811945028355","0.160741889371087","0.152575400687928","0.130785125421543","0.1530302781715","0.171549773709679","0.241596231143309","0.2455346442576","0.25481314242508","0.202347527557964","0.224281818071329","0.20869631055442",
"Barbados","BRB","Personal remittances, received (% of GDP)","BX.TRF.PWKR.DT.GD.ZS","","","","","","","","","","","2.64725029846694","2.46639735542956","2.38659918309359","2.4466547070622","2.60853182016483","2.29079563855767","2.2137531911531","2.01980349490017","2.11617735532821","2.11825703610866","0.898960253747804","0.991738749761133","0.777542306029829","0.683647812383013","0.772149104308084","0.578204382140907","0.6977847858062","1.65457005625986","1.76250785871059","1.59508302354399","1.88357482276474","2.2345029054451","2.78487480838017","2.68254101018581","2.65880197662556","2.7469874411303","2.87691207404291","3.081992039801","3.07942596187787","3.34369732187974","3.69995097238111","4.25437878539859","4.02578464509899","4.06605390247702","3.78889741660618","2.47297876161801","2.07118152119897","2.96580552152936","2.11173244812177","2.56281551691838","1.50807833907053","2.64765370607171","2.77626589922544","3.37419820818911","3.31961736877798","3.47458820708194","2.77352039411417","1.45665014405764","","","","","","","","",
"Brunei Darussalam","BRN","Personal remittances, received (% of GDP)","BX.TRF.PWKR.DT.GD.ZS","","","","","","","","","","","","","","","","","","","","","","","","","","","","","","","","","","","","","","","","","","","","","","","","","","","","","","","","","","","","","","","","","","",
"Bhutan","BTN","Personal remittances, received (% of GDP)","BX.TRF.PWKR.DT.GD.ZS","","","","","","","","","","","","","","","","","","","","","","","","","","","","","","","","","","","","","","","","","","","","","","","0.237456925733658","0.233565392713783","0.269364915726469","0.365548040753328","0.484146185181045","0.528916540638715","0.919471362422047","0.607310913154019","0.684145452942166","0.898453511897708","1.4567714658493","1.66529781961131","2.25090820783584","2.07110074974606","3.39498028366294","2.64978293694613","3.31086657464961","3.58251575117588","3.27508748747941","",
"Botswana","BWA","Personal remittances, received (% of GDP)","BX.TRF.PWKR.DT.GD.ZS","","","","","","","","","","","","","","","","12.1454458381142","16.5069551125586","15.2531288115137","9.7351467084611","7.10865286618745","7.28882420353375","6.94490555203451","5.5595433399037","4.7672752483636","4.02842757986027","2.80534712008019","2.67492040622381","2.76405548006421","2.06791073533185","1.60133912742617","2.25740381972588","2.11774331053514","2.26682977260618","1.78566027905264","1.64063434080917","1.1697245615058","0.892341959425896","0.815215063226427","0.756831653823355","0.480651673054126","0.320314533204561","0.326209843847268","0.350687524948885","0.363562942230812","0.878109958487206","1.18707136286911","1.04705461478315","0.872425067516232","0.43634276370506","0.150309734137874","0.176630497465334","0.135069549733624","0.130168543116406","0.252277147948075","0.298143860533116","0.222054373468019","0.163250639679625","0.241888757952351","0.260157616300064","0.354899139787093","0.295602661286554","0.323109444541782","0.306272176448881","0.360701524243094","0.665235250950978","",
"Central African Republic","CAF","Personal remittances, received (% of GDP)","BX.TRF.PWKR.DT.GD.ZS","","","","","","","","","","","","","","","","","","0.387538267108919","0.161851465973241","","0.00475059412587622","0.00158898310776445","0.00488003007180964","0.00318724703484158","0.00331628432331368","0.00246402984725179","0.00191295006467111","0.0018007264744159","0.00172225503761957","0.00177830167873737","0.00560859648791647","0.0102942345099016","0.0106489757540933","0.0124274032922739","","","","","","","","","","","","","","","","","","","","","","","","","","","","","","","","",
"Canada","CAN","Personal remittances, received (% of GDP)","BX.TRF.PWKR.DT.GD.ZS","","","","","","","","","","","","","","","","","","","","","","","","","","","","","","","","","","","","0.0802774521623898","0.0884249172512994","0.0751653494146569","0.0781473124660183","0.0968626594319886","0.0744601776108418","0.0827068712182574","0.0835229806231322","0.0750708979856719","0.0806145945743358","0.079587599395929","0.0822935794397119","0.0801649824196723","0.083671454352915","0.087037724210232","0.0741434042903374","0.0684392196592688","0.068618917981815","0.0723789834488055","0.074833361511803","0.0818661657729226","0.084380106269912","0.076893769210943","0.0750909486246818","0.0752285822655011","0.0496369458783123","0.0411150989998549","0.0392552751645842","0.038568496577611","0.0375070185900294","0.0359503385795271",
"Central Europe and the Baltics","CEB","Personal remittances, received (% of GDP)","BX.TRF.PWKR.DT.GD.ZS","","","","","","","","","","","","","","","","","","","","","","","","","","","","","","","","","","","0.604682898890651","0.522755194323639","0.50852537863436","0.516035781117421","0.589854445583855","0.535224092290149","0.867523086332682","1.00800115718944","1.03315554896569","1.18889788669894","1.59020507723299","1.90885980782389","2.05709766647712","1.96632093444206","1.78422978230229","1.74429065813925","1.51776138120646","1.50991163870073","1.57702502998836","2.07371572048014","2.10264009116474","2.21049894937818","2.30108107985029","2.27945017822562","2.1594018334093","2.19706746820933","2.0814090421585","1.97914412093558","1.92021494736668","1.87578897627217","1.80337877859023","1.54796573161066",
"Switzerland","CHE","Personal remittances, received (% of GDP)","BX.TRF.PWKR.DT.GD.ZS","","","","","","","","","","","","","","","","","","0.546425273112939","0.51714173036417","0.507616270532518","0.489288795449581","0.388743136691278","0.451306910166701","0.473676077876115","0.446256326071251","0.442555286574003","0.4034396235119","0.385308580336894","0.377631688294825","0.357461614317398","0.342387538632788","0.361689326039666","0.367652514277017","0.380849302413561","0.396224228002555","0.411329932373443","0.402567170507621","0.404287039988226","0.399789708742898","0.404600632819541","0.352404094959876","0.405306558390196","0.390347191659853","0.418288119964819","0.414496895782858","0.467223095678649","0.46529009410946","0.413307033065844","0.434413058797761","0.466552869684646","0.458305065632825","0.419680203576919","0.3777248044227","0.374804615133602","0.363379140545425","0.389445527464569","0.399331154631562","0.413891219958899","0.388631278665452","0.391803946123895","0.411007259620624","0.382260522765554","0.386697604240679","0.375939812176936","0.374856435776147","0.371088342965494",
"Channel Islands","CHI","Personal remittances, received (% of GDP)","BX.TRF.PWKR.DT.GD.ZS","","","","","","","","","","","","","","","","","","","","","","","","","","","","","","","","","","","","","","","","","","","","","","","","","","","","","","","","","","","","","","","","","","",
"Chile","CHL","Personal remittances, received (% of GDP)","BX.TRF.PWKR.DT.GD.ZS","","","","","","","","","","","","","","","","","","","","","","","","0.00484738523963307","0.00500635932087884","0.00557613852029943","0.00208357014445976","0.00221185218907635","0.000382046004432297","0.004318683050058","0.00119658089166835","","","","","","","","","","0.0169773325515229","0.0166259773670377","0.0176477170283023","0.0154263329265511","0.0117081852977969","","","","","0.0302355853046632","0.0287143864918113","0.0282109379327787","0.0269750395725642","0.0256342544301111","0.0233520103179811","0.0243316680794115","0.0258882864665846","0.0240958635192695","0.0236116491601402","0.0249265784840927","0.0260513620463149","0.0210723910740891","0.0282871022985963","0.0289060771358775","0.0304727117459801","0.0280632236018451",
"China","CHN","Personal remittances, received (% of GDP)","BX.TRF.PWKR.DT.GD.ZS","","","","","","","","","","","","","","","","","","","","","","","0.300426926220373","0.234499792789059","0.154736437935385","0.0874011342818592","0.147781283669386","0.0833921007535196","0.104299005681818","0.0542108309122603","0.0541929073063418","0.101380858959082","0.144545296677853","0.141388353168787","0.15116516961987","0.0474132100231308","0.19251052615544","0.474190965571829","0.0331683227992206","0.0480140656103324","0.0619472075354708","0.0892226828926873","0.157943091440011","0.274679180387674","0.33470576160415","0.143990850692326","0.154737416153914","0.189595556743322","0.195754634183571","0.177461277719091","0.220200211357557","0.215965795112023","0.196752167063247","0.182591382060942","0.28020429672732","0.293459971514147","0.234664999780238","0.22872062217092","0.171798187789183","0.097923207579556","0.0981187817971095","0.0940486029372652","0.111507279289459","0.123658847238454","0.133374547261861","0.153874750038044",
"Cote d'Ivoire","CIV","Personal remittances, received (% of GDP)","BX.TRF.PWKR.DT.GD.ZS","","","","","","","","","","","","","","","","0.311563816254179","0.305206440006936","0.253378385201207","0.280457705010258","0.30849916998677","0.316293774062711","0.366588135213209","0.382047778170415","0.395272093533042","0.364609473253129","0.344519590138678","0.390973036930544","0.425502572175775","0.415782172284325","0.36302946375796","0.411658456359999","0.395264543301328","0.443997120531576","0.521142055127783","1.32806838546835","1.373229614772","0.813470567583245","0.755662264751211","0.726656931405653","0.728953179457247","0.71975227182889","0.690072075017397","0.665170448449101","0.666314404597674","0.677134468579429","0.679116818237039","0.660207882368214","0.643032822161514","0.586067239499387","0.933538133772869","1.07006716175808","1.08226540843577","1.01119250823149","0.899851536975769","0.792773289539598","0.734218103172895","0.707397024282143","0.585852971886999","0.567383238919073","0.543681143136753","0.522225685301873","0.604706878049211","1.46910313622564","1.62303459294911","2.03272330773983","",
"Cameroon","CMR","Personal remittances, received (% of GDP)","BX.TRF.PWKR.DT.GD.ZS","","","","","","","","","","","","","","","","","","","","0.0587721359530512","0.440363079540034","0.434201749017051","0.287686999172919","0.407563050415543","0.202816891725874","0.143010948842881","0.200186622981923","0.0979117257343774","0.10070002227818","0.295750203115346","0.186709613508326","0.0619723349023447","0.207179299447344","0.125706982507033","0.128068173252979","0.103445718301113","0.120880855268635","0.125717024687994","0.200143707559536","0.133187862390696","0.209150317833824","0.153664194960407","0.237222005045643","0.472217476200757","0.549177363145698","0.39477063383712","0.621977589504963","0.700261311241561","0.586936874732266","0.662701069993308","0.417962411456954","0.716734439989919","0.697752593871702","0.723802347821829","0.778687749014377","0.750404350982402","0.795377370200627","0.877599508682915","0.834813887206769","0.89632151644519","0.819403311730562","0.955517885808094","1.26876259890659","1.61132543192255","1.29492646677846","",
"Congo, Dem. Rep.","COD","Personal remittances, received (% of GDP)","BX.TRF.PWKR.DT.GD.ZS","","","","","","","","","","","","","","","","","","","","","","","","","","","","","","","","","","","","","","","","","","","","","","0.0705804248553288","0.0826657400229997","0.0478916574743691","0.064690770765695","0.104797807653453","0.0649790276870008","4.27206646503286","2.85005371948736","2.86994586709573","1.97223364843701","2.90338619342098","1.53750473439558","2.86725087255473","3.90636084242032","4.43222974115802","2.56157002626062","2.28193902407841","4.63187810938395","4.722354634934","2.64241574731216","3.64522354410495",
"Congo, Rep.","COG","Personal remittances, received (% of GDP)","BX.TRF.PWKR.DT.GD.ZS","","","","","","","","","","","","","","","","","","","0.284417540943162","0.257647051833891","0.18618202411445","0.133121407672415","0.0986603815074491","0.0767472652893371","0.0495766985525042","0.0261658089047535","0.00234224043931745","0.000434430657516046","0.200303491833206","0.184310790783627","0.15638318138305","0.159614394452289","0.147337900035024","0.159974731957648","0.241144635295583","0.200340844576631","0.307763329835278","0.196946226922136","0.0993826624500716","0.495436826240963","0.320728158828516","0.433346370477613","0.0387736719620604","0.353571199046981","0.321110914580859","0.171122067473634","0.163616483943045","0.189999376550145","0.186418472915932","0.350594514620832","0.252023171385013","0.397474618600976","0.386284946742783","0.401237664215694","0.232114299440771","0.239621450459888","0.0705313934659038","","","0.187762560410022","0.110146373125465","0.296510284243913","","","","",
"Colombia","COL","Personal remittances, received (% of GDP)","BX.TRF.PWKR.DT.GD.ZS","","","","","","","","","","","0.361193359845746","0.282154532792353","0.262933529713868","0.288909875365649","0.29166624457965","0.175590830099628","0.332433727243692","0.419734823970143","0.325918115144092","0.361483584100833","0.317358279558998","0.439700964255616","0.223259883281851","0.185903251884248","0.20390493244799","0.315236726278086","1.19052764631945","1.71829302883548","1.1679934087711","1.18108005252693","1.03461052902116","1.79154013518278","1.09639014635313","0.70387133525776","1.18520069993669","0.881138916702469","0.775046780409184","0.725222817036063","0.818665636342706","1.52234691634317","1.61213693911831","2.09403813220323","2.53195366414596","3.25006038249131","2.72409600444899","2.29780092865447","2.40996885200382","2.16273306753812","1.99042004970298","1.77437358615557","1.40693436300273","1.22439717479203","1.08410323361976","1.16459175184649","1.09267695626741","1.70416576384897","1.83643004865322","1.86578764806417","1.99734137782816","2.20297175864251","2.56133478402854","2.70254419060708","2.7354220776326","2.75594116248495","2.82357172356115","2.87037024837972",
"Comoros","COM","Personal remittances, received (% of GDP)","BX.TRF.PWKR.DT.GD.ZS","","","","","","","","","","","","","","","","","","","","","0.665072066141382","0.57372940580725","1.17119285877302","0.936304512618393","1.13156398270644","2.20333273403854","1.84572017842049","2.17088837409864","2.19456696512893","2.39971010113802","2.4741608392815","2.52015315613067","3.66504843038018","3.74746131224665","4.83910341925436","3.10940028899206","","","","","","","","5.85967229054345","7.82183926282691","8.24805914428322","9.1790322836995","9.30601799219562","11.0658474526397","11.0905739859899","9.60947819523818","10.5732787875546","10.8484796524821","","13.9021554809287","13.6503066929178","11.5266033281535","12.2139851939746","14.5205736885244","14.1041058898013","18.5019188337979","22.1695152222105","22.0265607537468","20.844475612177","","",
"Cabo Verde","CPV","Personal remittances, received (% of GDP)","BX.TRF.PWKR.DT.GD.ZS","","","","","","","","","","","","","","","","","","","","","28.1656922601931","22.6552629450295","18.3829110524576","14.8386483219561","15.6173288791905","15.0709995589298","14.4557602834588","15.4837493466581","16.1712809805584","17.8353746507969","19.2708133727411","19.500079713202","21.2825577212242","15.5971964166096","21.0176365525945","21.7306946989183","19.990808249665","15.5758678792316","14.1291559557481","13.4559986814722","16.6462584289891","14.3767604882619","13.7019612341664","13.3345883286192","12.2632636862748","14.0595288027308","12.3308710585989","8.41366678290572","7.91153078177058","7.32158665295864","7.17412079600628","8.64146302792859","9.25050642437388","8.67057957556002","9.64684648689674","11.4811351206676","11.4269095854435","10.8452795535662","10.6347793478413","9.54740136848487","12.8536888281673","15.3280846738368","14.031084297698","12.6322621507915","12.3075360148272","11.6717063796778",
"Costa Rica","CRI","Personal remittances, received (% of GDP)","BX.TRF.PWKR.DT.GD.ZS","","","","","","","","","","","","","","","","","","0.0650951183427542","0.0823113318442025","0.0669058882326271","0.0848607033050304","0.0914702821585761","0.214837309176882","0.168426537690417","0.174840563073147","0.183710770905437","0.174248198994076","0.174279366135276","0.197198921286154","0.190438981692641","0.210095517262286","0.185705503484121","0.165505890175906","0.167279745839072","0.163013890792094","1.06489610444996","1.1197571852315","1.03134444260216","0.936112274012519","0.887295017150955","0.905678756997877","1.24212096848605","1.51184749154414","1.85782761929458","1.7170131035565","2.0974697376268","2.2590538597994","2.29840791117787","1.96342379690243","1.66882404923088","1.40920944198123","1.2165291764591","1.19060562069868","1.17056543355752","1.14180389976092","0.977976119424714","0.926850292389643","0.925980245797786","0.852690926498558","0.854591545845158","0.835559986392123","0.905839776397581","0.87366874836676","0.756581407260131","0.749409322311289","0.829261606305632",
"Caribbean small states","CSS","Personal remittances, received (% of GDP)","BX.TRF.PWKR.DT.GD.ZS","","","","","","","","","","","","","","","","","","0.410000086176092","0.481202136168654","0.486337523993136","0.372570693423594","0.338612670798698","0.265394482151244","0.294276906287504","0.527866832399969","0.586710572438083","1.30851025459705","1.55922554006506","1.55939763188312","1.66472627768132","1.55526060282167","1.02969042877108","0.974439486664258","1.75103210156354","1.78817960129462","1.59649698446974","1.72558813326174","1.80245446542844","1.93150733175521","2.04028645675663","1.86456116059361","1.93779873609794","2.2317627333567","2.30822881765435","2.34337602875629","2.20369707307352","1.92168524219461","2.0510115606842","1.60461194664804","2.01505203181045","1.93303411454663","2.1557458432796","2.13102357851451","1.85900004085589","1.84142685161423","1.93392056897266","2.04608119749247","2.02230202033356","2.12508780635859","2.40962472182177","2.54980985155703","2.54026806827109","1.97767915098788","1.90395744330833","","",
"Cuba","CUB","Personal remittances, received (% of GDP)","BX.TRF.PWKR.DT.GD.ZS","","","","","","","","","","","","","","","","","","","","","","","","","","","","","","","","","","","","","","","","","","","","","","","","","","","","","","","","","","","","","","","","","","",
"Curacao","CUW","Personal remittances, received (% of GDP)","BX.TRF.PWKR.DT.GD.ZS","","","","","","","","","","","","","","","","","","","","","","","","","","","","","","","","","","","","","","","","","","","","","","","","","","","","5.12367801413997","4.51290640610753","4.38611692429726","4.6839690424542","4.65461190673288","4.90691562406485","5.27970823479233","5.09914539703243","5.827210533813","5.21983778117602","5.18027097617661","5.1562813332847","5.38205171947839","","",
"Cayman Islands","CYM","Personal remittances, received (% of GDP)","BX.TRF.PWKR.DT.GD.ZS","","","","","","","","","","","","","","","","","","","","","","","","","","","","","","","","","","","","","","","","","","","","","","","","","","","","","","","","","0.275142793124441","0.301661145863821","0.257790644942091","0.23811584911243","0.159294422104838","0.168515959367711","0.191633843559193","0.148306420930499","0.148046902235068","",
"Cyprus","CYP","Personal remittances, received (% of GDP)","BX.TRF.PWKR.DT.GD.ZS","","","","","","","","","","","","","","","","","5.49723570756491","6.9352114757762","7.10962537241785","5.93294134451675","4.3650713258669","3.97846990697417","3.69225337140612","3.62122746454026","3.23016339099176","2.94205673426603","1.8483334524129","1.7224225443458","1.66782868480323","1.51071314562184","1.40559962423403","1.13812591743061","1.17463528612465","1.20498660906","1.09443178723172","0.489546888316948","0.492645820741763","0.499327701392542","0.471076203982718","0.473699575932522","0.450502457843914","0.748712159866576","0.180914043953551","0.218691641038971","0.446819752717951","0.56862602770266","0.520661439415583","0.593172961411303","3.39298059448106","2.2781357781787","3.3400656345246","2.67897557149371","2.39991408382152","1.79884827740373","1.39106742704706","1.57556144801064","1.83839245900977","2.02408258869922","2.02373151372484","2.04400354859336","2.22125323876283","2.06471327554059","1.67385392914242","1.80559495459599","1.79895889009484","2.04729875290733",
"Czechia","CZE","Personal remittances, received (% of GDP)","BX.TRF.PWKR.DT.GD.ZS","","","","","","","","","","","","","","","","","","","","","","","","","","","","","","","","","","0.335476321897497","0.340346653705933","0.312193487662282","0.162931628595231","0.113649655799801","0.514742875929131","0.473616319362122","0.47279777395235","0.37639908244168","0.402703301031909","0.491572639888497","1.01700260416116","0.976596887388978","1.0261684964526","0.961397370493538","0.479667476759228","0.577892600593881","0.582029473132444","0.602478665562744","0.669855745815364","0.815814835578989","1.24614561864796","1.41444696310817","1.57770371324898","1.61814370692488","1.57667991917671","1.50312466352922","1.66692379663162","1.5076553829427","1.37578324481376","1.23917377978351","1.31183796406812","1.25960974977501",
"Germany","DEU","Personal remittances, received (% of GDP)","BX.TRF.PWKR.DT.GD.ZS","","","","","","","","","","","","0.0836708450333673","0.0817057492207718","0.0784860784160515","0.0799684324488071","0.0852369760197251","0.0862615236233778","0.0888785035533557","0.0984050872070514","0.0960056204667896","0.249554390941504","0.263580290627554","0.286336208843432","0.273887559393514","0.270481670052682","0.275145836532696","0.264650017352629","0.274926198640226","0.272620370384677","0.267207044323724","0.274219192340974","0.257118085279717","0.229768421605513","0.211341656884365","0.199022070717397","0.173810179116019","0.172705729938223","0.172677564777868","0.173863187142687","0.169665723502041","0.183199701056683","0.197471735665222","0.221354270252291","0.226786723237266","0.228429725246083","0.27004434256117","0.283746177205955","0.321323920482561","0.34692103467371","0.395230743986828","0.410552430546491","0.429105583143694","0.427527128813626","0.424797059853198","0.410256031524889","0.434667850022148","0.431448396775245","0.457227130510537","0.459956403292382","0.463100143375706","0.477487831020722","0.465094604231552","0.473505785236646","0.469348546383657","0.473111305983449","0.473189844967536",
"Djibouti","DJI","Personal remittances, received (% of GDP)","BX.TRF.PWKR.DT.GD.ZS","","","","","","","","","","","","","","","","","","","","","","","","","","","","","","","","2.83760089092485","2.74478878753869","4.08443650323664","2.75566889171857","2.38875825269061","2.21538812005239","2.28239455538641","2.32175954798996","2.15696626630712","2.22936080428478","2.0868843789381","2.53010809596515","3.96561206472342","3.7144667370644","3.64779774335194","3.70302608950199","3.37772822891574","3.03555941023417","3.09468004655428","2.89214171045678","2.61145571287155","2.45750699383544","1.94611108053063","1.70579799013819","1.6380988368332","1.54464173973695","1.4958183161622","2.0545252519245","2.57252993016432","2.03729907694872","2.34123925393883","1.58752439290675","1.50297318211677","1.3486328033841","",
"Dominica","DMA","Personal remittances, received (% of GDP)","BX.TRF.PWKR.DT.GD.ZS","","","","","","","","","","","","","","","","","","6.97578906273477","10.1522462931369","15.8130756044972","11.8124322927893","10.3522957981912","8.37730705916944","9.52716908350023","9.89399964355137","9.28933033784004","5.6996095383928","7.7552342567664","9.4158552931233","7.22186940672697","6.91170517743537","2.2566400480484","2.2105829905532","5.59494344973753","5.02514662473207","3.94894834122582","3.80019514173118","3.77229332453212","3.74378238044363","3.91403851521072","4.05499961127092","3.79973507334544","3.85334735054885","3.9657327671733","5.04930166554636","11.0184311995234","10.5932291448351","10.1801458799749","9.51652436743565","8.64492877797359","8.8892713191456","8.7077359499565","9.04578506972261","8.80012758823985","8.80746312877172","8.90208518685618","7.18670232462185","7.87270501540374","6.70780597332833","7.37375240011498","6.36292196197876","7.14145789743791","6.06413655358534","5.22932224431786","5.66835046613405","5.47526954288228",
"Denmark","DNK","Personal remittances, received (% of GDP)","BX.TRF.PWKR.DT.GD.ZS","","","","","","","","","","","","","","","","","","","","","","","","","","","","","","","","","0.303499452051442","0.314374886556554","0.281210753539944","0.282895036313274","0.366787868179194","0.492023990560526","0.432783185959526","0.451525367509724","0.406300016169946","0.423712109291257","0.438988286066839","0.430623185816935","0.426767523573006","0.251213032922427","0.261221793910724","0.257079991769027","0.296271967174963","0.315872906186648","0.287104114066413","0.333962779725642","0.361772063689955","0.39774736511134","0.420318811621203","0.416973805713042","0.399451407968082","0.396384033615809","0.398346028585461","0.419696881195192","0.374595136346265","0.347904946462732","0.349819211771776","0.375706236320771","0.357925352388462","",
"Dominican Republic","DOM","Personal remittances, received (% of GDP)","BX.TRF.PWKR.DT.GD.ZS","","","","","","","","","","","1.68966680444295","0.87008700870087","1.20760792995874","1.02354145342886","0.916020071777694","0.777950655701267","2.83436669619132","2.69451284035665","2.77965541779317","2.93336733650978","2.70805919127978","2.41889614087525","2.29818322568159","2.11482983753769","1.768155942729","4.79722793565069","3.68172591902213","4.68676209739963","5.37372288101336","4.49406741679051","4.45030289849598","3.35386593471325","2.98654530327232","5.79540951262416","5.44564324182724","5.04406620560925","5.27749106467037","5.70602148446972","6.48664644815188","7.36834707274971","7.56527851580792","7.74085480856533","8.08587669442767","10.8647468285944","11.2048946967094","7.60029456457848","8.0618101855444","7.72652012566368","7.49717721751335","7.0809461544121","7.22476560920223","7.31807975208052","7.03762367197693","7.17044212217886","7.17816631851046","7.32201716302417","7.29078540709387","7.81304987249201","8.02132065789888","8.32408533944056","10.6071966446228","11.3260079151082","9.05734205460934","8.81581566434817","9.13243878213105","9.74150150533788",
"Algeria","DZA","Personal remittances, received (% of GDP)","BX.TRF.PWKR.DT.GD.ZS","","","","","","","","","","","4.33841540279403","4.68763870829141","3.35464148556859","2.58387282419919","1.52915944772605","1.70974201475225","1.43838297873747","1.66411457253521","1.4906413149703","1.25437275018815","0.958772112456678","1.00792380401314","1.12150357646833","0.803256141382015","0.612679505234281","0.540233887065686","0.562079940354193","0.729633723659326","0.641401029858498","0.620116341463061","0.567298093064097","2.82178915590122","2.89564431128326","2.28248405238053","3.27902169978896","2.68171673735585","1.87467163054567","2.20019207069168","2.19972772422109","1.62415520144228","1.44185846537686","1.1276917153104","1.73938195164146","2.38152705182448","2.6764241989143","0.158809313281093","0.153553347931681","0.0694853029074049","0.0574507574658185","0.100013085264445","0.110576948771302","0.0929180630893872","0.0945838361596958","0.0912495160252352","1.02637284361066","1.06531142146634","1.10034374263179","0.943690019644755","1.0202789274424","0.923106483245038","1.03085687360381","0.962189288322084","0.755694605229352","0.753275484255268","0.667941907847866","",
"East Asia & Pacific (excluding high income)","EAP","Personal remittances, received (% of GDP)","BX.TRF.PWKR.DT.GD.ZS","","","","","","","","","","","","","","","","","","","","","","","0.811413960879617","0.65489023896437","0.49693435140343","0.443923092807547","0.489889486724341","0.491921872672951","0.519008215408086","0.47762361044375","0.474399761172647","0.513407397831572","0.516089848479135","0.572641733285941","0.600407133309317","0.642792225653219","0.641079992953848","0.921246613161443","0.591527716773438","0.67011698279496","0.720246317475494","0.763535656437392","0.847226329388316","0.907080586306287","0.939554152619685","0.833930205326741","0.784803177651994","0.712883537437863","0.653894467900626","0.648036199611103","0.62715040016689","0.571113029521475","0.544092970857114","0.54028389254975","0.621495839676985","0.634583375760171","0.585415505054338","0.566439976515136","0.507932272630541","0.451980467539819","0.420191244022224","0.37541660735378","0.412422979085858","0.437758259826132","0.449140916709903","0.4709908953532",
"Early-demographic dividend","EAR","Personal remittances, received (% of GDP)","BX.TRF.PWKR.DT.GD.ZS","","","","","","","","","","","","","","","","","","","","","","","","1.75915674552512","1.64579654420528","1.47569246843426","1.43026601838546","1.56665411191449","1.41928109470107","1.54878668819672","1.47472706035797","1.40415527771599","1.53394875424528","1.46755589768859","1.5186670696872","1.56375706276008","1.51384278591011","1.65583255186439","1.7245712728617","1.74946373349407","1.7184681107712","1.90306834420301","2.23330129384355","2.45248347557496","2.29031383262275","2.30947795589824","2.41051764864855","2.40708966672254","2.51989937888252","2.53089819532214","2.29901271261986","2.32845045130848","2.47890266542694","2.49630765539004","2.60569503551746","2.72765965989291","2.63042388142845","2.65183039181113","2.84108326356842","2.94880627968361","3.27217710286203","3.15738914327166","3.21845268364365","3.0880299655858","3.33860225983962","3.65947571782725",
"East Asia & Pacific","EAS","Personal remittances, received (% of GDP)","BX.TRF.PWKR.DT.GD.ZS","","","","","","","","","","","","","","","","","","0.10995089322399","0.10550610566014","0.124114244450158","0.17987214791928","0.196818860242771","0.248530343800114","0.246171236079284","0.213272127923614","","","","","","","0.193666670551035","0.181566800871171","0.169230796551118","0.181367951202595","0.186955203226263","0.209853780621698","0.281107722517419","0.224318520493939","0.220274649553368","0.233444605249031","0.278774085149562","0.333170320233753","0.357422364044657","0.369622032893946","0.346840838082711","0.3607677154346","0.367705095893692","0.375773386847762","0.374721369947685","0.368545589359304","0.357618680139866","0.352668493065034","0.375081093326068","0.441720520791599","0.462924480696856","0.426590366515604","0.416589158350729","0.38431413263411","0.350426231881965","0.333358706632883","0.308070683523778","0.345022597765937","0.360711409984208","0.37269035878229","0.390184105485558",
"Europe & Central Asia (excluding high income)","ECA","Personal remittances, received (% of GDP)","BX.TRF.PWKR.DT.GD.ZS","","","","","","","","","","","","","","","4.02662363856394","2.84951908160099","1.9086491739553","1.67338824197671","1.49137113597573","1.89028472697167","3.00913853095247","3.49816478926718","3.32456491488916","2.44807921874326","3.01480195116629","2.54935248108732","2.1592895752291","","","","","","","","","1.4236317397204","1.29306003949296","1.42708154116356","2.28197076807513","2.25465796906302","2.21040983018378","2.24572004928688","1.89473637355217","1.47292589509781","1.50254020173069","1.63670228790781","1.783243611204","2.20761247950065","2.41642476039779","2.48741875587883","2.28245492873332","2.35623530859216","2.41040766345484","2.40848873251328","2.37369376329115","2.2799521165311","2.44397627305224","2.85864537097216","3.28918360631326","3.3545541111029","3.25269369098484","3.36263809959191","3.86227367775271","2.99953452859046","2.68301202926549","",
"Europe & Central Asia","ECS","Personal remittances, received (% of GDP)","BX.TRF.PWKR.DT.GD.ZS","","","","","","","","","","","","","","","","0.474185850068526","0.453665199012954","0.516357689168678","0.529245775442474","0.549705612308163","0.578303722409788","0.613287633152075","0.611018487138408","0.559361391138319","0.566360475171524","0.547543318923167","0.499802866317197","0.442068444841583","0.439901947864234","0.4699610250224","0.446484626702356","0.428719075172405","0.414645730899287","0.43353789399719","0.435829377168981","0.361041218740687","0.356740647299121","0.42067027858441","0.451584724105441","0.423920485510117","0.445130622367738","0.452491068755495","0.451544558793932","0.447584589611341","0.46270305127236","0.509738099578949","0.536411508394953","0.579420117451824","0.625771425756962","0.657211321448128","0.649030454441963","0.659352744957744","0.692479476082313","0.748646088000452","0.749259846905604","0.774508660263314","0.787712202677194","0.807661667174674","0.815433397635246","0.846969770916629","0.849918512888112","0.821245728696793","0.841820678617312","0.821612711584618","0.808566185562412","0.835022602448057",
"Ecuador","ECU","Personal remittances, received (% of GDP)","BX.TRF.PWKR.DT.GD.ZS","","","","","","","","","","","","","","","","","0.0362959592483069","","","","","","","","","","0.0195897405878942","0.0215124286279104","0.0153234608064156","0.00719899713126532","0.334661642323027","0.329634068610317","0.414496590055366","1.07145586660865","1.21640752370137","1.58032917035685","1.93828739681238","2.2999743640501","2.85441691630399","5.54596528218095","7.53900859835198","6.14240830281378","5.31534116234239","5.27503980472213","5.22245926639398","6.10742377469624","6.42101090681869","6.70295541841078","5.05178528024742","4.5635031450049","3.81361167392642","3.39373350415588","2.82239084408483","2.54612673206732","2.40703123870624","2.45609170654041","2.67435295214931","2.72722996049999","2.82760317052208","3.0137639320716","3.48790451754192","4.07490158068369","4.08839477102189","4.51387204495537","5.28613118568203","5.93464204562213",
"Egypt, Arab Rep.","EGY","Personal remittances, received (% of GDP)","BX.TRF.PWKR.DT.GD.ZS","","","","","","","","","","","","","","","","","","6.44175779932776","11.9722686157465","12.2835812492073","12.4412156159365","9.85204729785662","8.81984312194514","11.8382380297068","11.6649268766487","8.22388305753485","6.07498112634467","8.90923422540777","10.7763238143068","8.28410759728831","9.96651513569937","10.8430986666667","14.5833380301941","12.1600824742268","7.07541942857143","5.36243431372549","4.59413426329555","4.71336216622791","3.97270702853166","3.56661323146944","2.85661217289033","3.01123334262615","3.39780812879388","3.68782754491018","4.24041046775191","5.59589671309192","4.96108547838757","5.86930961331901","5.33969849246231","3.7799170984456","5.68677117520305","6.06988425351907","6.89188511375172","6.18272925177381","6.40402291079812","5.56383108965179","5.59207795083782","9.96018840777921","9.71698574857486","8.40388463187991","7.71274724506713","7.4144321712116","5.94293350334715","4.93326946835969","7.59757024437157","11.3667005342464",
"Euro area","EMU","Personal remittances, received (% of GDP)","BX.TRF.PWKR.DT.GD.ZS","","","","","","","","","","","","","","","","0.435467989196614","0.440997059705084","0.511553189323237","0.53359220473757","0.53947493222626","0.561403385099841","0.582897738206358","0.589062893511893","0.550417623544575","0.546731834787712","0.533288421443954","0.498753131699165","0.477404967795892","0.491089973875908","0.505778409713505","0.479021649898664","0.463910255116009","0.4436788098358","0.463324284429599","0.426978920128579","0.397095155869571","0.390869850226018","0.477594091067787","0.473593591550114","0.382205741500397","0.403563366186549","0.421848548954333","0.436756653383964","0.439388988564003","0.433747993751661","0.455089707504545","0.468846491673275","0.486257548787276","0.533451594911462","0.568598840018032","0.588711619963479","0.612345137297581","0.637725544967184","0.677697665016851","0.681920972636263","0.705514872203419","0.698741418968758","0.708077675167685","0.70007790285411","0.718031668076946","0.739954115892844","0.715047681738281","0.732299462067309","0.746695210883817","0.760590274627102","0.783003139010153",
"Eritrea","ERI","Personal remittances, received (% of GDP)","BX.TRF.PWKR.DT.GD.ZS","","","","","","","","","","","","","","","","","","","","","","","","","","","","","","","","","","","","","","","0.359772847028634","0.527494223625233","0.46501791787489","","","","","","","","","","","","","","","","","","","","","","","","","",
"Spain","ESP","Personal remittances, received (% of GDP)","BX.TRF.PWKR.DT.GD.ZS","","","","","","","","","","","","","","","","1.22392359039455","1.1654724469262","1.10539694513091","1.08076869574013","0.884080311802092","0.940637883015334","0.89596236572695","0.807507319940178","0.789111636851267","0.71330580673158","0.683306312618631","0.570625307284976","0.49719786620091","0.476288684086057","0.449042939768273","0.407614398513821","0.37039778706306","0.418188203907086","0.442442725074773","0.496300147592675","0.449975817384676","0.45545275653203","0.491645642355482","0.525825056650778","0.100099977965238","0.108451188087558","0.111445903174443","0.10513230384977","0.0991592980789023","0.094527714370106","0.0983220581478715","0.101561889249189","0.113524548570555","0.112484390716133","0.101868991701463","0.111762374022716","0.115238682420597","0.157319242551982","0.22285903929826","0.226797932786243","0.221645288326861","0.211757899989054","0.227330124373479","0.232719297208056","0.228489839382549","0.237512743208444","0.270293557786333","0.292566709394882","0.339088077031013","0.366748486679136","0.359623202686911",
"Estonia","EST","Personal remittances, received (% of GDP)","BX.TRF.PWKR.DT.GD.ZS","","","","","","","","","","","","","","","","","","","","","","","","","","","","","","","","","","","0.0704585667429941","0.0285106239848445","0.0351950551204608","0.0337064875938111","0.0466014885264811","0.0402062576295996","0.0712666387766335","0.176325007110157","0.259819126338696","0.518470913867566","1.37364276049152","1.80452851603841","2.30322072048345","1.69834419061507","1.7102671944637","1.73195269947209","1.8289159181023","1.88230425106787","1.98247424575578","2.21914951049391","2.01038525239817","1.96158904837248","1.98070961291692","1.83873745060341","1.82689423284705","1.70019299478304","1.59281791364911","1.58570663884137","1.22967848244244","1.17495352017049","1.15061249841648","1.1403478370674",
"Ethiopia","ETH","Personal remittances, received (% of GDP)","BX.TRF.PWKR.DT.GD.ZS","","","","","","","","","","","","","","","","","","0.07863711988191","0.118866237406864","0.132031401569283","0.17428981664449","0.13963187424306","0.129028490491539","0.125426029216834","0.138553330991333","0.146159566022934","0.134480259035335","0.0792467446557802","0.101102110300533","0.0550324540940315","0.0418095596456667","0.0707144654361808","0.139650500757137","0.203070490252218","0.346801009144105","0.348299868973252","0.182762429182044","0.10487213536444","0.340849895083664","0.427337637394252","0.644948162157074","0.22248806734534","0.420171887116394","0.538866604196298","1.32010990207259","1.39922146934874","1.12659427082788","1.81573565751308","1.42866780210322","0.806482761481544","1.45702856682548","1.68479919300585","1.44158455346166","1.74829264852672","3.23018487802697","1.75028490068647","1.1277489909273","0.515122893440316","0.523561857784221","0.52227003564586","0.409506869488673","0.410418210796157","0.414325120261523","0.396956017593763","4.766710838993","",
"European Union","EUU","Personal remittances, received (% of GDP)","BX.TRF.PWKR.DT.GD.ZS","","","","","","","","","","","","","","","","0.413633368391577","0.419396143476535","0.488706712806051","0.511021008559468","0.516768175667066","0.537459382411813","0.557021096168339","0.562769346700835","0.528219310714631","0.522795412104381","0.509566213234837","0.477565337217728","0.459257906932632","0.471704286290939","0.485512910723676","0.460934312113868","0.44709795771924","0.426258783895295","0.447742031848991","0.412754313946117","0.383843890899081","0.378065611709254","0.461172329225227","0.459156028627583","0.37747315331337","0.408239587806003","0.426768740322937","0.439513005191312","0.451548541009403","0.470571139709419","0.512127274443459","0.542487645753626","0.56709092173292","0.599922989132468","0.628425390348765","0.627746710397622","0.646244916231273","0.676465682451322","0.747235079639917","0.756378391618732","0.788571631860116","0.782831222337214","0.790032749818606","0.778159122198614","0.805213882288072","0.815644393901392","0.784140384702533","0.800859518446389","0.81721493724052","0.823234749464219","0.862501606241544",
"Finland","FIN","Personal remittances, received (% of GDP)","BX.TRF.PWKR.DT.GD.ZS","","","","","","","","","","","","","","","","0.0628152268170616","0.074744088598175","0.139403311550037","0.180583284671988","0.205627033862793","0.198049968624005","0.182608454889146","0.203752955727262","0.190708214375901","0.0934637385289248","0.0910751349772641","0.100724512478595","0.084903039237603","0.0965755834407957","0.0595430856870068","0.0444576365773647","0.0791781777214456","0.0916253254257071","0.0864653841541864","0.06483039743003","0.0553920707497419","0.110204101728324","0.185439533553255","0.280177266478305","0.328033050230173","0.37527712317062","0.378875292688057","0.339946758991539","0.30672638141984","0.337749223388085","0.337927955117571","0.407946954894806","0.386693594247667","0.394576944117005","0.43747780909741","0.403437715493871","0.615781660168776","0.653530482924074","0.39708996013757","0.390717945282827","0.371089215190768","0.36057139722048","0.357816400723322","0.307100314942122","0.315323986798819","0.22152961877425","0.226819392667527","0.23606130716","0.253484137495976","0.270987928985696","0.276440028359636",
"Fiji","FJI","Personal remittances, received (% of GDP)","BX.TRF.PWKR.DT.GD.ZS","","","","","","","","","","","","","","","","","","","","0.352029932602192","0.406628161898983","0.752841254739587","0.677205197769355","0.710908490435819","0.90096475309553","2.42327516762204","2.30553493883431","2.29320163707024","2.04081580162717","1.94381805793598","1.6414137162306","1.38589664956695","1.48054892008571","1.59762143992597","1.62358315280812","1.66011003994884","1.56668452062132","1.65694591728526","1.56492643091825","1.19818567945256","2.58019483777384","4.69510773682087","5.4220806536653","5.37617238534145","6.37519227759235","6.82162950851636","6.65017630138786","5.42319175045615","4.16320180720189","5.95888460593454","5.59305123365227","4.24819148417907","4.79875401905153","4.85851130440858","4.54937138341278","5.38939847454469","5.52435657077323","5.20667916553854","5.19690846250351","5.36151150795462","7.50181245102766","9.46494841417655","9.2173590355123","8.75258114713507","7.10765055577566","",
"France","FRA","Personal remittances, received (% of GDP)","BX.TRF.PWKR.DT.GD.ZS","","","","","","","","","","","","","","","","0.175740066213267","0.177275356125829","0.310211827544922","0.31533686847454","0.315896774593564","0.20738726985897","0.209837773730181","0.23140710042113","0.23112390535763","0.240393315607291","0.254642315437737","0.264191240588637","0.266917392608906","0.338173648287717","0.317079370239851","0.320817463533919","0.366930345581405","0.37512781305561","0.382835844259933","0.285311613462142","0.277974457779336","0.271119692548108","0.672080824712051","0.669451002331571","0.635297037033581","0.651713325235688","0.670927949265034","0.710206534081964","0.66654584194346","0.632413634038753","0.647998530252596","0.670240105055682","0.662184813670997","0.686267457136119","0.728326574860677","0.751947414384744","0.79926880870415","0.844812031788217","0.956657791815609","0.977759523918215","1.04187015639794","1.03597313185571","1.03540167569517","1.02055612218559","1.05640587447827","1.13234775294505","1.10053030062383","1.17052155739917","1.20083883326395","1.22689654507268","1.20011717271402",
"Faroe Islands","FRO","Personal remittances, received (% of GDP)","BX.TRF.PWKR.DT.GD.ZS","","","","","","","","","","","","","","","","","","","","","","","","","","","","","","","","","","","","","","","4.38834604887406","4.4374100622855","4.02676564737526","3.36473925543923","3.11741798539711","2.95484195688427","2.85359049622542","4.56216960414584","4.41376131496738","4.66768938001315","5.48500130105527","6.04257401682263","6.27811245207485","6.32195310250215","","","","","","","","","","","","","","",
"Micronesia, Fed. Sts.","FSM","Personal remittances, received (% of GDP)","BX.TRF.PWKR.DT.GD.ZS","","","","","","","","","","","","","","","","","","","","","","","","","","","","","","","","","","","","","","","","","","","","","","","","","","6.26339350180505","6.18722602739726","6.30779220779221","6.42077160493827","7.0212101910828","7.38566455696203","","","","","","","","","","","",
"Gabon","GAB","Personal remittances, received (% of GDP)","BX.TRF.PWKR.DT.GD.ZS","","","","","","","","","","","","","","","","","","","0.00370919872588805","0.00310269943558249","0.00110594998545835","0.00476417347309327","0.00168222728010745","0.00851195499721657","0.00257036372233986","0.00399866715493105","0.00678713833429703","0.00912501293260021","0.00350232045535568","0.00374391610937101","0.0147150396435852","0.0295216138606235","0.04138079607495","0.0692753698204512","0.0895402248291409","0.090174531368831","0.10059049706259","0.115371007617258","0.124083175894405","0.0910832415256258","0.119098177777921","0.106782625452875","0.0533513110390685","0.0919750930740345","0.0881875318346983","0.115082988225719","","0.115688777232181","0.132641484209528","0.114302245371279","0.267376934761293","0.119669578112614","0.131542505439663","0.0939261213373112","0.161872140404888","0.128331390945391","","","","","","","","","","",
"United Kingdom","GBR","Personal remittances, received (% of GDP)","BX.TRF.PWKR.DT.GD.ZS","","","","","","","","","","","","","","","","","","","","","","","","","","","","0.183732115890759","0.178702852438891","0.181747550887678","0.192015501781238","0.182807324254822","0.172366638583156","0.166582858657349","0.172634287156158","0.103709910811245","0.0997305375229603","0.105069759105885","0.083813462724803","0.321648391959411","0.303564010941078","0.299220155937224","0.292374433347005","0.275979314294776","0.244397041230654","0.236938800184417","0.224510944344966","0.21117454230497","0.203551379496781","0.21581757489774","0.198314739303009","0.1905749164042","0.181810017762643","0.171779044591074","0.160022320347295","0.16986106885935","0.169287383246449","0.159640495913892","0.151524719547986","0.146566045988622","0.119239810240544","0.108356162342484","0.124639359449125","0.13115224032166","0.130815347974026","0.134007690926395",
"Georgia","GEO","Personal remittances, received (% of GDP)","BX.TRF.PWKR.DT.GD.ZS","","","","","","","","","","","","","","","","","","","","","","","","","","","","","","","","","","","","","","8.08996904432589","10.319642366739","12.8855951734966","6.73529202312621","6.79115752466275","6.66503181205268","6.22476000287562","6.99638215069328","6.95697266099558","8.09978657953664","8.68054072402569","8.3236359191983","10.3243983088381","9.52719496152171","9.99835475121327","10.4775310757486","11.1047071149006","11.056847673479","9.5819813727681","9.84674425354464","10.890132380253","11.3631244569541","12.8028589642654","13.1764161481873","14.0238156359641","15.4242760609985","13.6504078223071","11.8704809371441","11.1702038837053",
"Ghana","GHA","Personal remittances, received (% of GDP)","BX.TRF.PWKR.DT.GD.ZS","","","","","","","","","","","","","","","","","","","","0.0316584042311672","0.020246429036143","0.0331561693982871","0.0371655619946559","0.012323541877221","0.106520891143912","0.0932440898805532","0.0104608397303068","0.0137935654491555","0.115434229201785","0.114245272767557","0.101883026315721","0.0938940762307132","0.11377621490214","0.169209763345725","0.288264665099343","0.266221857708632","0.396654157884061","0.377279464905692","0.394275959759482","0.397765775177601","0.650165983213332","0.863785856356726","0.705783386680856","0.852907818883425","0.92745551290552","0.923113637317234","0.503964848100869","0.472719655317582","0.439705076430655","0.439390802986601","0.421931838233591","5.42658723153267","5.22269483590356","2.96597754289707","3.67206532500897","10.0784066400995","5.30764584386793","5.85639814832266","5.23431525252006","5.93056152121388","6.13064485540951","2.45987576586277","2.87894180185027","3.04707983231817","3.63485196347604","2.12143124533705",
"Gibraltar","GIB","Personal remittances, received (% of GDP)","BX.TRF.PWKR.DT.GD.ZS","","","","","","","","","","","","","","","","","","","","","","","","","","","","","","","","","","","","","","","","","","","","","","","","","","","","","","","","","","","","","","","","","","",
"Guinea","GIN","Personal remittances, received (% of GDP)","BX.TRF.PWKR.DT.GD.ZS","","","","","","","","","","","","","","","","","","","","","","","","","","","0.00240621738293584","0.00235158634156951","0.768305779152779","0.629991562326672","0.462153223867063","0.309359589911273","0.192724467426946","0.101648844979675","0.00993350569813516","0.013740078866791","0.0190029038111183","0.0268265813046132","0.0951813387210146","0.119201690478889","0.0267078656763914","0.211266802607482","0.353123700316134","2.20979711909746","0.785546553068675","0.970701796663784","0.699048845306049","0.23989487696293","0.883377513916265","0.774612673074844","0.674986820797207","0.950607158958116","0.868023215975747","1.11035324196135","1.38322289151527","1.4848682376292","0.606922436295308","0.432556270353519","0.239773359100361","1.17631205262223","0.159915464208879","2.01480853069547","2.64823563849093","2.21728188238975","2.46482438123289","",
"Gambia, The","GMB","Personal remittances, received (% of GDP)","BX.TRF.PWKR.DT.GD.ZS","","","","","","","","","","","","","","","","","","","0.200892836063351","0.237781872552599","0.162152347643988","0.132271555406018","0.0869301657409477","0.328480093886367","","","","","","","","","","","","","","","","","","","","11.1017545288707","6.31549101053971","5.77055813367122","6.04997266264832","4.34964506018301","4.14988668660995","5.50298695848448","7.49688597962595","6.4807667406004","7.51583724184049","7.98404094128392","11.2058152772073","11.1787100908889","9.81280254474036","10.642988781079","12.6915888581496","15.2086255711844","22.9790072609688","27.1602920462379","22.7621227874971","21.6141314544414","21.9990433005617","",
"Guinea-Bissau","GNB","Personal remittances, received (% of GDP)","BX.TRF.PWKR.DT.GD.ZS","","","","","","","","","","","","","","","","","","","","","","","","","","","","","0.350865438761989","0.216578241120238","0.157682130895855","0.174527663520202","0.22663817112475","0.243593681534877","0.272107910873616","0.277695568222426","0.284509126365526","0.286488942638328","0.677969374792827","1.03804222776106","2.04961842230522","2.43040677450674","3.77732826046009","4.17732292176178","4.75790258887055","3.11028091251168","4.02023157529305","5.71327447872773","5.1917956645922","5.48777567428469","4.88136005691192","4.50361048529373","4.3486425466135","5.74828077299052","8.14090445275859","7.37191784179238","7.64819106551826","7.15517607498877","8.23504062020368","9.4714856812533","10.2599431457546","10.8044875553502","10.2469782639172","9.84146392808129","9.88177152873842","",
"Equatorial Guinea","GNQ","Personal remittances, received (% of GDP)","BX.TRF.PWKR.DT.GD.ZS","","","","","","","","","","","","","","","","","","","","","","","","","","","","","","","","","0.978800497010822","0.670646078120584","0.50223222339949","0.0706156024595771","0.0706374890562146","","","","","","","","","","","","","","","","","","","","","","","","","","","","","",
"Greece","GRC","Personal remittances, received (% of GDP)","BX.TRF.PWKR.DT.GD.ZS","","","","","","","","","","","","","","","","","2.62048090330919","2.63504016845337","2.26551773891494","2.19826768395969","1.99681449754519","2.26469383823329","2.11666355318316","1.97778491830383","1.99568567340969","1.71135046463985","1.73935111372151","2.17332103677738","2.30982168474083","1.77665776686041","1.8823244264341","2.09585445393123","2.20839388184534","2.47446998173533","2.51000035973506","2.43453187582244","2.16065650728262","2.20659131736863","1.91461657948389","1.66562907337091","1.74444736500711","1.52562193572509","1.10506208737199","0.794724040356464","0.528847572731771","0.503336986266197","0.573490349929628","0.790269825538392","0.765212962954358","0.618712723125153","0.505631943894239","0.419082392222018","0.285119185615784","0.340179011056685","0.314189489169118","0.261778892634261","0.21603849364222","0.200053886429078","0.229583768252509","0.326246537498041","0.31948810676227","0.315553946217487","0.275508376333916","0.223070437548297","0.219111411118225","",
"Grenada","GRD","Personal remittances, received (% of GDP)","BX.TRF.PWKR.DT.GD.ZS","","","","","","","","","","","","","","","","","","","","","","","","","","","8.94387831373612","10.3871348649601","9.95039975096484","6.30381964241151","6.46319790080971","2.7523060833354","2.77156435128199","5.92593175088515","8.0462347438528","5.80170842994731","5.71234819099049","5.48769466395118","4.94792222567292","4.80319538893242","4.65985879552442","4.67122350544866","4.58150357078302","4.27708305381476","8.03031515061446","4.90362233087876","5.04169194064305","4.78440164065426","4.4478749458577","4.58259874104539","4.72144479135532","4.76111367810679","4.75194384284841","4.57296727253599","4.4885209771885","4.34848478558055","4.24532795090059","4.19946479283398","4.11427263374468","5.22176644559135","6.75004451212369","5.53331501650165","5.15147424065455","3.0453149517921","3.55529076890607","3.34524787956109",
"Greenland","GRL","Personal remittances, received (% of GDP)","BX.TRF.PWKR.DT.GD.ZS","","","","","","","","","","","","","","","","","","","","","","","","","","","","","","","","","","","","","","","","","","","","","","","","","","","","","","","","","","","","","","","","","","",
"Guatemala","GTM","Personal remittances, received (% of GDP)","BX.TRF.PWKR.DT.GD.ZS","","","","","","","","","","","","","","","","","","0.255451135646341","0.355813258464954","0.341900149164079","0.332542180308934","0.284635482382731","0.122748654104003","0.0430939217969537","0.0359028517328104","0.0102863175009286","0.00967925220520108","0.00141155219578911","0.582789026468407","1.01061450065118","1.55159402171771","1.90195006952783","2.20864696925679","2.11227752320331","2.19128774158674","2.43937314475094","2.3949214474265","2.293419891109","2.35363970228184","2.54170499938021","3.09089218520719","3.44333629274611","7.82711765505829","9.95052323955904","11.1441946802014","11.4496338247076","12.4397165660231","12.6198129936818","11.4940758820625","10.7798821237051","10.3860258746852","9.67029683304015","10.0118587523679","10.0077092042108","9.94162203910492","10.4233903506866","11.1465467414657","11.7144999374258","12.8704296861911","13.8075410269222","14.6751379764358","17.8213863093606","19.0404824285485","19.1575563867358","19.1179716140238","",
"Guam","GUM","Personal remittances, received (% of GDP)","BX.TRF.PWKR.DT.GD.ZS","","","","","","","","","","","","","","","","","","","","","","","","","","","","","","","","","","","","","","","","","","","","","","","","","","","","","","","","","","","","","","","","","","",
"Guyana","GUY","Personal remittances, received (% of GDP)","BX.TRF.PWKR.DT.GD.ZS","","","","","","","","","","","","","","","","","","","","","","","0.477178413278008","0.238419610422343","0.596368031835957","","","","","","","","0.273038895928232","0.266460329050132","0.24574604116573","0.273475996613683","2.06973005198661","2.00230128607668","1.95113607381324","2.95068050556818","3.83067626945993","3.13128604724903","7.02352185317432","13.3635873409735","19.4219608124586","24.4021997992394","9.16355792136049","10.1976893670197","9.05385270584475","8.27838696778933","10.7140920276288","11.1665425364523","11.5493029844716","7.87352045123642","7.98656121698548","7.07441175191082","7.19956609532915","6.78872751636501","6.96988401994363","7.35168208159438","8.06151198098608","6.88301292281138","3.66298141565721","3.22475315141245","","",
"High income","HIC","Personal remittances, received (% of GDP)","BX.TRF.PWKR.DT.GD.ZS","","","","","","","","","","","","","","","","","","0.21208290276373","0.223598019241066","0.238705521569955","0.256195475225066","0.235274001233245","0.230858975925305","0.207854604118959","0.1909216847281","0.217640997099847","0.251837974290614","0.258868629924459","0.26693932230171","0.2672110671284","0.272794680468176","0.217123016553841","0.212935288855403","0.202568295031306","0.211206239351588","0.175105224383766","0.1740392296275","0.191953583975447","0.195854268525102","0.18313048733176","0.177610673273704","0.190543284459655","0.202977545971829","0.217135701130938","0.226814704084005","0.237259834328567","0.250803495511345","0.26874439895088","0.289866388034092","0.292678122726345","0.276853500694169","0.283905250572997","0.278772243759675","0.307380544238671","0.315638049925112","0.310059984284326","0.306760913428346","0.308390466513258","0.307181541738884","0.310050446201727","0.312833898032915","0.300272238833096","0.280755007368068","0.292063817920958","0.288178483640714","0.278366032164694",
"Hong Kong SAR, China","HKG","Personal remittances, received (% of GDP)","BX.TRF.PWKR.DT.GD.ZS","","","","","","","","","","","","","","","","","","","","","","","","","","","","","","","","","","","","","","","0.090973442541199","0.0786970253910794","0.0789532719455468","0.0902249723923463","0.07245589559711","0.0741647014874772","0.141843226124742","0.163442371673097","0.151927537398905","0.149750125553938","0.162052750854811","0.162483545264006","0.148517908526716","0.141496676335513","0.139670582688508","0.130664351966006","0.127787368858284","0.125005987465829","0.124506792307837","0.128020109409165","0.117372780129408","0.12428486884234","0.123664603893105","0.12280410789555","0.116682769182389","0.11917370622709","0.112047973828129","",
"Honduras","HND","Personal remittances, received (% of GDP)","BX.TRF.PWKR.DT.GD.ZS","","","","","","","","","","","","","","","0.0643604193000805","0.0563888575617458","0.0534826668218713","0.055242802756879","0.0522215027259624","0.0539781928101047","0.0502449448561739","0.0499742989319778","0.0414421881475342","0.0468682858444754","0.0483882986674607","0.0485178916664741","0.0446229341705446","0.670673474765165","0.854340812017649","1.1106295109022","1.68431311525296","2.23280581572285","2.71656946221379","1.52239192547016","2.16772496734146","2.65391293480153","3.27787927107863","3.4116341024132","3.65040032783507","5.13442834847507","6.60250645825481","7.9784156429783","10.1981792127611","10.51455531516","13.1814704759739","18.5015124633633","21.6026915899283","21.1438409427367","20.324150822379","16.9826205436393","16.5278735126143","15.8698406825036","15.7614551051777","16.7474848196542","17.055189798725","17.4749176819329","17.790816103454","18.6839353350606","19.846249991541","21.7081290113686","23.9319582167015","25.5945914762165","27.0011044721289","26.1039039273527","25.743791487013","30.118530958428",
"Heavily indebted poor countries (HIPC)","HPC","Personal remittances, received (% of GDP)","BX.TRF.PWKR.DT.GD.ZS","","","","","","","","","","","","","","","","","","","","","","","","","","","0.888780492209944","0.905094275676387","1.00058585061578","1.13602579321563","0.646689668903963","0.603132123692239","1.04277981672809","0.868148205831509","1.01040281998193","1.19008016677521","1.03277099876659","1.19334682244127","1.64706136879235","1.94457205070516","2.22596212291133","2.47415308413316","2.78719724997445","2.91063361133443","3.05329560123548","2.83774628413729","2.94775655274427","3.05116267624713","2.96629445210006","2.81118662346367","2.92435397227937","3.37372899292927","3.32115091833551","3.09584227795153","3.19983876453895","3.71781240729306","3.39282660974442","3.50489326255481","3.69240272032425","3.79455863060657","3.81784738814556","3.7262704477744","4.14393339812329","4.35769304384008","4.75186277410758","",
"Croatia","HRV","Personal remittances, received (% of GDP)","BX.TRF.PWKR.DT.GD.ZS","","","","","","","","","","","","","","","","","","","","","","","","","","","","","","","","","","2.04295027308074","2.49293770190243","2.38961287447188","2.69100351252545","2.45698765075006","2.32217397778348","2.22427979826517","3.69160641461706","4.02249212748758","4.0849802636151","3.74946619526682","3.71821115404025","4.16430391697867","3.8846464184384","3.7591373653229","3.65882005959126","3.64087463427373","3.87799194486714","4.01346898529668","3.62257336985116","4.62642875407838","4.65278718868044","5.2495995722778","6.12157315495121","6.52693797393448","6.50583676724482","6.96603289661443","7.23745022714331","7.22271563134324","7.52368326946613","7.09635216765996","7.21065804243838","",
"Haiti","HTI","Personal remittances, received (% of GDP)","BX.TRF.PWKR.DT.GD.ZS","","","","","","","","","","","","4.93384774531422","6.06988688810882","4.82863121422494","3.83091769932423","8.69093061637805","8.49829316837315","7.92185814572334","7.80127283925272","7.84564119748288","7.6918631594161","8.55887540219008","6.58255331162664","5.53584609817689","4.95540138751239","4.76659693341296","4.54788603106126","5.52755000488472","4.74764628068391","4.48790429785533","","","","","","","","","8.78916385304062","10.1607571564097","8.48307613976286","9.84811943299703","10.8874739699598","15.9899122044632","15.302855347524","14.0274963951975","13.9141942528881","13.2423552723956","13.1290988116483","11.8612273498359","12.4274041426186","11.9255644590233","11.7611409672879","11.9509923558058","13.05241389516","14.7852864304503","15.8295930130992","16.0280141652909","16.6739852493704","17.9484096513974","22.4512536627714","19.2454738023594","18.8820733039589","19.1763569676585","16.9486338151218","",
"Hungary","HUN","Personal remittances, received (% of GDP)","BX.TRF.PWKR.DT.GD.ZS","","","","","","","","","","","","","","","","","","","","","","","","","","","","","","","","","","","","0.300455171989197","0.33283142895207","0.410267607332477","0.3932530895141","0.371905056452321","0.768200312589774","0.677055791940135","0.65579496032034","0.54817577679724","0.608136230455673","0.646785635834257","0.74275588820265","0.696518097727168","0.831162888580409","1.16431176711241","1.3500260937671","1.6154126035643","2.42691167076451","3.03537248468742","2.9686297223244","3.1398335650571","3.22385742993617","2.87307372025368","2.72988220335477","2.95582249995405","2.47049834371569","2.05117225294059","2.24835923696182","2.41835053438147","2.49286141559194","2.31894391278487",
"IBRD only","IBD","Personal remittances, received (% of GDP)","BX.TRF.PWKR.DT.GD.ZS","","","","","","","","","","","","","","","","","","","","","","","1.04678129621704","1.06130136602897","1.01590251149492","0.896588973568414","0.886532191003901","0.980471404995121","0.892388548360507","0.891543947496513","0.913498722053295","1.0014794137541","1.08845677530107","1.0407668096249","1.01724615475033","0.900958095556123","0.880042191803336","0.98364012153912","0.991375805091904","1.09407620337254","1.1082854163307","1.23036095242157","1.40002573112251","1.58659017387363","1.53620137033685","1.50043654146606","1.49564488196589","1.46246606399603","1.38104161437593","1.32191273289484","1.16632663165481","1.0918384061529","1.08208540794768","1.08553322892013","1.13794749826613","1.20339105822095","1.16994829543657","1.17777521094239","1.18172413913676","1.18161553585998","1.23556360453923","1.18538514502182","1.22525262483382","1.22303815077119","1.25444990028763","1.247041502058",
"IDA & IBRD total","IBT","Personal remittances, received (% of GDP)","BX.TRF.PWKR.DT.GD.ZS","","","","","","","","","","","","","","","","","","","","1.1419853952535","","1.16321805283997","1.18626440000244","1.26602430605618","1.19128103629374","1.06870113608643","1.05981677080767","1.14828263657659","1.04318986551827","1.0488569219478","1.08155109624595","1.10844267077187","1.21762986177302","1.16965721693692","1.12970476370237","0.990765946895404","0.945880294032683","1.0586536152375","1.06420101957409","1.21572179858374","1.21845711151572","1.33436511853303","1.550017506224","1.73071539811317","1.6846909615389","1.77656567341364","1.76972987059476","1.71626549723618","1.64996896226822","1.60771114756604","1.44403231700129","1.37586409001326","1.38396500949941","1.38032339623223","1.43738801531399","1.52863501329685","1.4850997742244","1.47646624680691","1.49240690575003","1.49488731956746","1.55584294268617","1.48977367573509","1.54166078973684","1.53921754761685","1.6261859507156","1.57450925501575",
"IDA total","IDA","Personal remittances, received (% of GDP)","BX.TRF.PWKR.DT.GD.ZS","","","","","","","","","","","","","","","","","","1.35688729158125","1.93131772986503","2.08694219197321","2.20647532913414","1.43375082468374","1.82748095929429","2.44889258044631","2.32746372840725","2.24872038573499","2.29716367175048","2.37714187807072","2.2073768644315","2.3511452240865","2.40945165948819","1.93192294978768","2.4080163438321","2.39537002772861","2.45925685280574","1.99051318287449","1.64475154421452","1.861929943614","1.77511592380256","2.7899799339898","2.62371872991234","2.66323544995125","3.34182514089969","3.4229560745767","3.45513339094008","4.94200393702115","4.86609192739027","4.74945429843353","4.86339226925525","5.02190522084724","4.90693035359847","5.23182950116592","5.43825041717756","5.19347458740137","5.10312480360064","5.37804267082152","5.24867632165617","5.27517914435932","5.47164158486061","5.13136351512327","5.35846736701932","5.41985792520212","5.5674740262579","5.98256535611805","7.34755616086771","",
"IDA blend","IDB","Personal remittances, received (% of GDP)","BX.TRF.PWKR.DT.GD.ZS","","","","","","","","","","","","","","","","","","1.40938308445294","1.85916366644356","1.64023685579838","1.81381586826822","1.02331204540846","1.35469991635649","1.98280809997542","2.02588257177999","2.00108141938618","2.13266315380829","1.91108554622053","1.65434549979733","1.86837354387694","1.72482809721656","1.31730506445375","1.37746705348799","1.68694384097371","1.63604839634542","1.02778267080555","0.704035372826226","1.01707818919955","0.768867999580717","1.85796522977328","1.54856841488915","1.39875025990868","2.12295542779122","2.01263690229558","2.13591402137369","5.03648177263565","4.79893471636832","4.53207036163937","4.44445656054336","4.84058334879233","4.60747967047539","4.700303806865","4.5869348395114","4.30247291380175","4.25018628513485","4.46873367197205","4.81791241926943","5.15785495938309","5.30471239230569","4.47385501191985","4.53399549378734","5.01328769029666","5.27032015273912","5.66360261959202","7.77792385172671","9.87897225042984",
"Indonesia","IDN","Personal remittances, received (% of GDP)","BX.TRF.PWKR.DT.GD.ZS","","","","","","","","","","","","","","","","","","","","","","","","0.0123377153394412","0.0624604466071946","0.071521123132406","0.0888009800382073","0.11326278567726","0.117437479345525","0.176810455653538","0.156396139512222","0.111471252608263","0.178868566613245","0.21897805557594","0.25382698746297","0.322066722484517","0.350090655090054","0.336038639656343","1.00389177007795","0.792135211818957","0.721241486168322","0.651928886426835","0.643419007825212","0.634107308351031","0.726653829373429","1.89584318278586","1.56961610211313","1.42852866637853","1.33159930027812","1.2589247567833","0.915919028544745","0.775387465928679","0.785753675199222","0.834434842174634","0.959926226606045","1.12204462407113","0.955775529544706","0.885128402978051","1.07604827122092","1.04248024307831","0.91127727787002","0.792444188150129","0.99228904198387","1.05507469135037","1.14863184341507","1.2175449587467",
"IDA only","IDX","Personal remittances, received (% of GDP)","BX.TRF.PWKR.DT.GD.ZS","","","","","","","","","","","","","","","","","","","","","","","","","","","2.50079882662856","2.9384359152862","2.84918663148477","2.84996355043562","3.02752404517355","2.46145928834916","3.42624236895388","3.08860400981725","3.33275319856607","3.32916764778959","3.17723428952371","3.24486656695731","3.43439831397075","3.55243351867069","3.67118808613207","3.87254857282013","4.56472184306815","4.82988376222653","4.86187611275459","4.83721202400727","4.94514545754459","4.99891182836243","5.31646409173384","5.20226106781563","5.21009202750242","5.8252549150162","6.45257586166124","6.23571929691056","6.09662480245705","6.38051029662682","5.67027025721204","5.38460814708102","5.62510867591537","5.83483714559018","6.21447119857527","5.83872441520388","5.8642440252715","6.26220174977501","7.02143559968535","",
"Isle of Man","IMN","Personal remittances, received (% of GDP)","BX.TRF.PWKR.DT.GD.ZS","","","","","","","","","","","","","","","","","","","","","","","","","","","","","","","","","","","","","","","","","","","","","","","","","","","","","","","","","","","","","","","","","","",
"India","IND","Personal remittances, received (% of GDP)","BX.TRF.PWKR.DT.GD.ZS","","","","","","","","","","","","","","","","0.436546124684547","0.625356307212665","0.76915114494413","0.848329973193961","0.93925579189819","1.47963108843894","1.18941508631036","1.30416921413334","1.21875533009953","1.08162516890611","1.06197269666671","0.899610070289677","0.955230645684232","0.780639506428528","0.882930129689587","0.742646650962366","1.2177135602415","1.00532422086761","1.26131148080304","1.78953392020369","1.72725749335087","2.23104187398418","2.48419591903833","2.24973791761798","2.42453583586909","2.75055276181012","2.94022220760942","3.05584389568309","3.45550884243655","2.64405343790174","2.69691947410043","3.01338413110281","3.05873598319171","4.16861118961249","3.6667673744297","3.19166058450459","3.42826651551382","3.76554510581057","3.76848981172284","3.45190175872427","3.27581644116736","2.73420120455754","2.60108787283474","2.91499156006937","2.93877465566923","3.10855277353444","2.82183503869842","3.42227322133658","3.41414633702944","3.66076475144487","3.80963193396421",
"Not classified","INX","Personal remittances, received (% of GDP)","BX.TRF.PWKR.DT.GD.ZS","","","","","","","","","","","","","","","","","","","","","","","","","","","","","","","","","","","","","","","","","","","","","","","","","","","","","","","","","","","","","","","","","","",
"Ireland","IRL","Personal remittances, received (% of GDP)","BX.TRF.PWKR.DT.GD.ZS","","","","","","","","","","","","","","","","","","","","","","","","","","","","","","","0.579393346247381","0.557596574371012","0.57640114500178","0.567224369687004","0.566791398452757","0.501821982729332","0.478167678735739","0.379161659574498","0.303399862759129","0.298486412401498","0.251386740507298","0.223142899842199","0.245813001303713","0.204731348387573","0.212946193394332","0.241809292855695","0.23229676116908","0.218237795999476","0.229945021288157","0.242441270378681","0.296758014983447","0.313724822196494","0.306271258699088","0.29739090734291","0.272343740919214","0.199804942203134","0.188417134327497","0.171284096503885","0.157569499486687","0.144073954242034","0.06331314263944","0.0339096176869685","0.0969814080083862","0.100626960522158","0.107757774289943","",
"Iran, Islamic Rep.","IRN","Personal remittances, received (% of GDP)","BX.TRF.PWKR.DT.GD.ZS","","","","","","","","","","","","","","","","","","","","","","","","","","","","","","","","0.911593198179824","0.998591524922306","2.35317655938751","1.67034464557597","1.65942008728999","0.546493781138359","0.351126174023255","0.616629518605286","0.446207216352767","0.48908809867927","0.537521057237116","0.66160335372679","0.775452914909358","0.549653727811875","","","","","","","","","","","","","","","","","","","","","",
"Iraq","IRQ","Personal remittances, received (% of GDP)","BX.TRF.PWKR.DT.GD.ZS","","","","","","","","","","","","","","","","","","","","","","","","","","","","","","","","","","","","","","","","","","","","","","1.42035057095791","0.596957173886202","0.00348953476571192","0.053869471426901","0.136130479951102","0.127565824992139","0.120054052677278","0.124310514637941","0.309839415005032","0.319330124832297","0.602311731936043","0.59156708260519","0.581408826339015","0.32621201403662","0.367751391197373","0.356221273355833","0.400349187063478","0.3822220371914","0.432049782942699","0.248997592822188","",
"Iceland","ISL","Personal remittances, received (% of GDP)","BX.TRF.PWKR.DT.GD.ZS","","","","","","","","","","","","","","","","","0.0810257654135447","0.0743752148063077","0.0692406984012739","0.0575651261218823","0.0428618370446131","0.0857515517349291","0.0361585822114361","0.0803455775533262","0.229375753165005","0.165136187477635","0.184060365310773","0.257295225006114","0.354425135227074","0.514405562808195","0.929958685239179","0.913383266907476","0.870893458790644","0.899126203812037","0.718404117968438","0.491513485424151","0.433164237881972","0.530593816482525","0.334939420449908","0.341740265657951","0.391176665944219","0.472716441119758","0.687864560078243","0.4235388197212","0.436584222959652","0.390727274833208","0.461035317479372","0.50759519806674","0.664665989807234","0.717815176899672","0.981313440329429","0.988171945684207","1.04212869508858","1.2842056746611","1.21299248519675","1.23294860142387","1.01104057796462","0.768046541920982","0.669772391984414","0.751973313218272","0.759557117718073","0.73686487544575","0.667510103890265","0.696707818321341","0.741447766009432","0.72967193623639",
"Israel","ISR","Personal remittances, received (% of GDP)","BX.TRF.PWKR.DT.GD.ZS","","","","","","","","","","","0.972691392680162","1.98632503863185","2.06143817034482","1.4963982390382","0.75748703431302","0.626092318384865","0.451509653904753","0.580954106645913","1.09664225163472","1.48257715660877","1.65881356565834","1.97949620487079","0.958709046442828","0.742904956753942","0.826076704117527","0.724870979763588","1.25293055605307","1.42621456596188","1.03005679081578","1.49529348586022","1.30997129842703","1.23571377415396","1.46104979186953","1.58295188463781","1.76690280385911","0.168733844996861","0.136981589290982","0.167686714686084","0.111647295522365","0.14357627224925","0.133714632501825","0.145007946348449","0.133050128648517","0.130409392438461","0.21275619080736","0.255792426225564","0.307989874842331","0.314287618495965","0.284405054694093","0.237902349280987","0.238748873153953","0.222081660467562","0.26024794777004","0.256605266557541","0.273239026232895","0.28169880037588","0.300046136097047","0.277366726637417","0.272085346668133","0.238823006229779","0.25132091340091","0.251176646676986","0.240917993734642","0.19285405864081","0.175608930307742","0.190691265832484",
"Italy","ITA","Personal remittances, received (% of GDP)","BX.TRF.PWKR.DT.GD.ZS","","","","","","","","","","","1.08396630180357","1.09396009939883","1.06626500087793","0.830721106350925","0.607115310013538","0.70200806297978","0.62251542587891","0.837543360930541","0.94894419993224","0.937357254877873","0.838959048462043","0.818129805845724","0.824241407578137","0.761285951512067","0.746171781856791","0.712729517611051","0.685684575630953","0.552603114532729","0.540426932061463","0.545813764506096","0.428610585707538","0.296130395635376","0.224466252412677","0.250194187219368","0.219593197849313","0.193733323959424","0.192161390569618","0.177278334569619","0.161370206743716","0.149698643715328","0.155654688762869","0.164878393941744","0.177310604969293","0.19098714450099","0.20348274465187","0.219387168782742","0.208102936124749","0.206757775023256","0.304231120863264","0.31868480196741","0.371812133319049","0.37847185280791","0.43691360280103","0.438232625845511","0.464706391358343","0.520624161998189","0.504095029648583","0.494346315048682","0.471538807673801","0.517849112841984","0.518407597996087","0.463652112501098","0.466821575656975","0.513182064203508","0.509434744676284","0.503086513866778",
"Jamaica","JAM","Personal remittances, received (% of GDP)","BX.TRF.PWKR.DT.GD.ZS","","","","","","","","","","","","","","","","","2.98377347514365","2.51405249099035","2.6129427683623","3.7071183704491","3.56425823888039","3.59177561288134","3.3733147991553","2.32644087371014","3.11346078815421","6.92778291879486","4.04784872022945","3.66594863386416","4.02001599966311","4.73332444041921","4.98017495249713","4.41526631371658","6.09821637420204","4.39699759999079","9.57532015099706","9.71642712664613","9.336084532934","8.51305295300253","8.43841461895807","8.72054621709484","9.74673754356233","11.3826098958912","12.7749643691386","14.6295402784889","15.7371093622915","15.6674652814461","16.1249488309007","16.5793541489732","15.730734103885","15.5892981186189","15.3279995086397","14.577058502549","14.6425610153","15.2261378594525","16.3231130455565","15.7798622368548","16.3327930457499","15.6027787136244","14.8415807219638","15.0505202004436","20.4455313500087","23.2192733527292","19.6005613796812","16.8114008002793","16.1910977021085","",
"Jordan","JOR","Personal remittances, received (% of GDP)","BX.TRF.PWKR.DT.GD.ZS","","","","","","","","","","","","","2.62783921190028","4.7404083792498","6.24838585453584","12.2275875418487","24.0479315691409","22.4013127620806","20.0051786512872","18.3699606493144","20.303099740217","23.5619140753812","23.1196153688082","22.5497965721057","24.8970998140161","20.469742405714","18.4912546502311","13.8828147789092","14.2570653200055","14.8546636771633","12.0013602805164","10.3098050342241","15.8856355706721","18.5529035186496","17.5409140909279","18.4909191494889","22.2900887694438","22.8427384034415","19.4980213198331","20.4177699323331","21.8080584126561","22.4083736569479","22.2799575387991","21.5889440701648","20.0447416233052","19.2300797705476","18.5557449837945","19.4406271031937","13.6839707888596","12.6179763220543","11.9954471861487","11.2864912876408","11.041223056681","14.107057003016","15.714081206619","12.6157089214122","10.0132712596055","9.73297910366162","9.42740941956724","9.38334460357812","10.0541975196234","10.0035867297427","8.91675179878051","7.76858564852626","7.55927870742229","",
"Japan","JPN","Personal remittances, received (% of GDP)","BX.TRF.PWKR.DT.GD.ZS","","","","","","","","","","","","","","","","","","0.0119586917794576","0.0122940770692712","0.0145374063761766","0.0121405533838286","0.0149436436219688","0.0177494945074338","0.0138715279841467","0.0152820052574725","","","","","","","0.0136410651085059","0.0143189176861419","0.0167630490915238","0.0171264981565774","0.0204084346228517","0.0099605962824473","0.013426015000829","0.0133424266310821","0.0120809531693509","0.015338122640269","0.0281505919050068","0.0265398281711587","0.0177360121190533","0.015654700797198","0.0185612486871786","0.025322150549973","0.0299249587689701","0.0335719520680292","0.0298782496348338","0.0289847081734198","0.0339478544140156","0.0400956154179401","0.0448353607846746","0.074891492534259","0.0733298697049217","0.0749546114895691","0.0881862744749458","0.0847730834742329","0.0836623758700468","0.094191531356157","0.101300447931735","0.121583328130317","0.107467346766845","0.110869335259614","0.10657645040329",
"Kazakhstan","KAZ","Personal remittances, received (% of GDP)","BX.TRF.PWKR.DT.GD.ZS","","","","","","","","","","","","","","","","","","","","","","","","","","","","","","","","","","","","0.569835446546816","0.00570468067907766","0.00541371324513312","0.0289131647438488","0.0213386225528418","0.368863297858754","0.383878450645308","0.451556685268236","0.136856101332743","0.132966722215831","0.108574815738916","0.103192446831978","0.136377234008485","0.0941014656535349","0.171887472539219","0.152354119782252","0.0932936660895134","0.136051344243071","0.144275547930533","0.181279445291607","0.15959228908192","0.27984417174788","0.33597213131325","0.344618856879696","0.278573150811193","0.218836862121885","0.157213071084416","0.213219830288597","0.115996073438374","0.08260553410117","0.0773125650490405",
"Kenya","KEN","Personal remittances, received (% of GDP)","BX.TRF.PWKR.DT.GD.ZS","","","","","","","","","","","0.452774466836473","0.408234131338878","0.657720151285062","0.499800452009292","0.622230835836167","0.404989329843709","0.284929596560669","0.411180287845535","0.497762408372894","0.307006715518113","0.381538807066026","1.14581801671133","1.05697216168907","0.971367711559771","0.916749983510891","1.07578862154752","0.720252628534855","0.828020165330088","0.916295722092515","1.07568232115549","1.62452358656382","1.52217594969729","1.39893174451656","2.05397047459752","1.9204972808003","0.967220379022729","0.726746302922531","3.86264286969994","3.77403743875529","4.5351568123414","4.23364976375547","0.392071439730166","0.434625977212833","0.441780787060586","2.33490812923558","2.26808312406334","2.2088981923497","2.01891210593496","1.85907364130394","1.49115081057576","1.51029178105058","1.99308663050858","2.14732659744177","2.1148804409277","2.11002334799742","2.23796042279417","2.33193318571891","2.39195095634137","2.95041012979608","2.82749196207077","3.08763090265523","3.43661248510652","3.54717907214312","3.93262959527649","4.15276804487158","",
"Kyrgyz Republic","KGZ","Personal remittances, received (% of GDP)","BX.TRF.PWKR.DT.GD.ZS","","","","","","","","","","","","","","","","","","","","","","","","","","","","","","","","","","0.0881038008251092","0.0595796994324542","0.0748278131693207","0.133510575102674","0.154989294687754","0.134523011228329","0.0915487357418349","0.163812064068962","0.297284121287703","1.88667073714928","3.66479861905155","8.09652452257376","12.7324731237381","16.6917334209106","18.513914681679","23.7992695009347","20.9371247573683","26.4100938758912","27.5695150811653","30.7544325527209","31.0564092290657","30.0320907271748","25.2718946040713","29.2760903334236","32.2705172692664","32.5055687336898","28.7859049850986","31.8069826721848","32.5635356064056","26.9192445438421","18.8591995144866","17.6042447290407","",
"Cambodia","KHM","Personal remittances, received (% of GDP)","BX.TRF.PWKR.DT.GD.ZS","","","","","","","","","","","","","","","","","","","","","","","","","","","","","","","","","0.361230119439152","0.374941648417105","0.404809679890047","0.337091154529865","0.330795738428479","0.339779128423595","2.31378701200838","2.34274436672655","2.77734994187734","2.72091386084204","2.73258786719382","2.5402771220082","2.50539784060761","2.31663079590303","2.19986010031647","1.83453329947655","1.54356257256416","1.13744400654959","4.03700031046482","3.80879515057728","4.79646243834746","5.06547977774995","5.00476335566101","4.90387307950167","4.51568326625885","4.38523762630979","4.31819671619764","7.2355671978662","7.43222431717955","6.90078241933383","6.54093545373445","6.57102335601563","6.10087598628419","4.28773337330923",
"Kiribati","KIR","Personal remittances, received (% of GDP)","BX.TRF.PWKR.DT.GD.ZS","","","","","","","","","","","","","","","","","","","","4.54031436507781","4.80759605760602","5.53921246438883","7.74477617933794","7.26510378118285","6.37872036657248","15.5223503294763","15.8236356919667","17.259344212398","10.5953121226708","11.1309163585568","14.0783070653888","14.6868609679736","9.79581618581749","10.3501015602412","10.2894852124191","","","","","","","","","","","","11.5634938029826","10.0979298396029","9.77603536426981","10.0212855770729","9.4585572094724","8.69041883041759","8.52288645043744","8.55301207668944","8.17876748925342","7.3335191071917","7.89225156586149","8.05252759688748","8.54280868408487","9.25586633900578","6.75214842494559","4.67974270005157","10.3640970180655","3.9883538583386","4.27167401504865","6.47527084245365",
"St. Kitts and Nevis","KNA","Personal remittances, received (% of GDP)","BX.TRF.PWKR.DT.GD.ZS","","","","","","","","","","","","","","","","","","","","","1.15775805008115","1.37362643901099","1.27873937173857","1.27899051108458","1.32967732828757","0.957560431169091","8.04874587360068","7.65065650681841","7.04312948656358","9.97691398614852","8.87657673406069","0.67510830651933","0.608776807975282","5.73342310009268","5.96413763003024","5.90966552852639","5.68180557866135","5.26627182044887","5.60787513542795","5.69771863117869","5.75630011253341","5.398363107267","5.27702131611192","5.70592102684278","5.61202151056167","2.58460983299064","2.31789838744379","2.26819833912125","2.12893598945357","2.10816073701583","2.26941122778066","2.13355695950922","2.29148883420139","2.34875092731461","2.27576714513556","2.549384600503","2.24009240695847","2.34521048832449","2.40950362613015","3.81252185570387","3.57085817002501","4.31644848767189","3.82742435449419","3.52308673594689","3.45137989407512","3.35582596096372",
"Korea, Rep.","KOR","Personal remittances, received (% of GDP)","BX.TRF.PWKR.DT.GD.ZS","","","","","","","","","","","","","","","","","0.154752510272388","0.263666751290514","0.198770299446165","0.148346412726158","0.845405160571963","0.929633117151217","0.981340372862837","1.02710063525283","0.947873046726322","1.11579826382244","1.4475772664915","1.36008588024373","1.21886806436847","0.860262907966256","0.826188154277968","0.785561039949458","0.797636990877627","0.711550977703786","0.64424402914667","0.559248792378199","0.531339775681197","0.659654333729407","1.24717712440792","0.840047418141799","0.757087382087234","0.795715299888866","0.789951740666241","0.806460806703662","0.720946494323329","0.535163545191778","0.442805726523607","0.42221719524622","0.639265612489691","0.610285029022816","0.490740501393226","0.50510155584976","0.493438547720732","0.451351280432292","0.422392916919339","0.419948566889135","0.413108182008924","0.381616908953979","0.390576638060424","0.409246873851897","0.430504441346993","0.401032055613431","0.436876799702855","0.385217714687676","0.388346261508366","0.377643375135429",
"Kuwait","KWT","Personal remittances, received (% of GDP)","BX.TRF.PWKR.DT.GD.ZS","","","","","","","","","","","","","","","","","","","","","","","","","","","","","","","","","","","","","","","","","","","","","","","","","","","0.00416589010888859","0.00365845519616473","0.00150181243219968","0.00242551112501154","0.00236059435558128","0.0299042006859653","0.00364924971693513","0.0190175282150974","0.019990714304128","0.0182457990225804","0.0202777033196997","0.543748747830022","0.012043935758368","0.012863053545085","0.0126724401949546","0.0152218774761316",
"Latin America & Caribbean (excluding high income)","LAC","Personal remittances, received (% of GDP)","BX.TRF.PWKR.DT.GD.ZS","","","","","","","","","","","","","","","","","","","","0.18746922516761","0.312916997486735","0.316671551594258","0.318741972765802","0.388307977252295","0.405163844355668","0.398178464704258","0.460897618307406","0.523941593036575","0.513063806254946","0.534268021036652","0.573253649642959","0.630022912799173","0.714208922585904","0.622533946187871","0.679037116637601","0.723023534973325","0.664662731331769","0.647785530390702","0.722324816665815","0.909100772131716","0.938837485776568","1.1632633494779","1.5035798660383","1.94567281659583","1.98646811782349","1.88177865456687","1.89237824787339","1.72291893773688","1.50498147112537","1.41114794436389","1.1527643879104","1.0739783663932","1.07613591978307","1.09507709753516","1.14789938810583","1.47109242136227","1.63405069650503","1.65838469558722","1.8807182893561","2.06615510746876","2.65589494396504","2.8858988109333","2.76952251490469","2.64009171968222","2.73950244578804","2.21488036862905",
"Lao PDR","LAO","Personal remittances, received (% of GDP)","BX.TRF.PWKR.DT.GD.ZS","","","","","","","","","","","","","","","","","","","","","","","","","0.159349590875273","0.147887327137473","0.208234600807056","0.321906243068195","1.11860318061199","1.16238878821501","1.2593004689116","1.01158654707571","0.957610718888203","0.911317064156545","0.6478335640194","0.0226816992068909","0.0266855735685143","0.0286202980192622","0.046868488256316","0.0412532562563082","0.0381238882805124","0.0392721652931511","0.0414806867514393","0.0378470666761676","0.0339781111904145","0.0303411507660252","0.122639540762779","0.146898140291025","0.326353099658373","0.64385625196319","0.585748260058662","1.26053136408825","1.99148248077181","1.4222913710139","1.41610631569985","1.31157166202707","1.19001962933173","1.42174663194786","1.32225924767834","1.58221815531698","1.22309812418047","1.16599964631609","1.54993514268783","1.81268457051843","1.49419709212958","",
"Lebanon","LBN","Personal remittances, received (% of GDP)","BX.TRF.PWKR.DT.GD.ZS","","","","","","","","","","","","","","","","","","","","","","","","","","","","","","","","","","","","","","","","","","","13.2854000035069","23.6170833667187","26.4247709642857","22.9066080604881","23.6221508847015","23.2374330512925","24.659537374231","21.3509251479102","17.9847875959222","17.2252495411949","15.156125951893","16.1403001328547","14.9511646268716","14.9828084463078","14.870244060714","13.3172963119566","12.7099619118303","14.2830959782727","20.7914353641318","27.4664867984856","30.6555163782975","33.349773045666","","",
"Liberia","LBR","Personal remittances, received (% of GDP)","BX.TRF.PWKR.DT.GD.ZS","","","","","","","","","","","","","","","","","","","","","","","","","","","","","","","","","","","","","","","","","","","","","6.51581673427334","3.35668658041069","7.04333711165697","4.51399694769724","3.36745258262015","1.42063938540369","14.7263244324324","21.8099460979983","19.5880361459357","12.9909340338602","15.8727682831254","20.2791796758905","17.0705157019163","11.8994740948141","13.4372679004895","10.4303065620884","13.1296865672502","24.6213565214495","21.9115282607278","21.6447627671982","21.2758383451019","",
"Libya","LBY","Personal remittances, received (% of GDP)","BX.TRF.PWKR.DT.GD.ZS","","","","","","","","","","","","","","","","","","","","","","","","","","","","","","","","","","","","","","","","","0.0235165289256198","0.0293151162790698","0.0341765339074273","0.0304580606781678","0.0301911330964491","0.0316892317380353","0.0266248516242474","","","","","","","","","","","","","","","","","","","",
"St. Lucia","LCA","Personal remittances, received (% of GDP)","BX.TRF.PWKR.DT.GD.ZS","","","","","","","","","","","","","","","","","","","","","","","","0.349624069545113","2.56357393833579","4.29079849101563","5.28322444117647","5.44378703964497","3.6896550812069","3.1582951869863","2.77955264300319","2.89016304659022","0.305494493142857","2.2531097453218","3.05189403907628","2.77961165048544","3.1906103286385","2.85386029411765","2.68594343604897","2.59823222177582","2.55520254169976","2.70373443983403","2.72907901234568","2.54346136534133","2.46715277777778","2.56467261747151","2.3737717626324","2.31788713444601","2.17512202591937","2.16299993159892","2.11150736757089","2.02905688740467","2.01371018543667","1.9648925905188","2.01408337302494","2.24052636321995","2.05456919543899","2.09471774824746","2.08252651836278","2.06773784377658","3.70530824835106","3.38075366191607","2.67209861583409","2.59247422398883","2.32786492557471","2.35197482014388",
"Latin America & Caribbean","LCN","Personal remittances, received (% of GDP)","BX.TRF.PWKR.DT.GD.ZS","","","","","","","","","","","","","","","","","","","","0.211272080011928","0.318325084087693","0.320962949857161","0.325056347921315","0.37910367229754","0.395286065859566","0.393857188917886","0.456463922394677","0.517178200372486","0.506399751953291","0.525732598036247","0.562405828279764","0.633077109558948","0.714120272161165","0.626819347414628","0.681870600260023","0.730020330214028","0.672173893581661","0.653761203091603","0.727276557483503","0.910830373374519","0.904929102352332","1.11418004411349","1.43794425302972","1.85261394116258","1.88039108348336","1.86573625476364","1.88043644651994","1.71788608351304","1.49750258175641","1.34859521953523","1.10562862993042","1.03225387704828","1.0301691292938","1.04394582473113","1.09888445979861","1.38159321385626","1.520480517122","1.53914974393021","1.7275528116232","1.90049831094035","2.4117858860658","2.61216667862171","2.52811349948381","2.41084890326796","2.49956203104797","2.02514270224142",
"Least developed countries: UN classification","LDC","Personal remittances, received (% of GDP)","BX.TRF.PWKR.DT.GD.ZS","","","","","","","","","","","","","","","","","","","","","","","","","","","","","","2.7166251480822","3.02584975656175","2.37134958424979","3.37767345629951","3.13528488115466","3.18711972594034","3.34309404779331","2.99527911076885","3.24870277425347","3.47027880543571","3.49640489819742","3.56070577354002","3.7430729873758","4.50958673154787","4.45624831888815","4.40775796866893","4.04641724444517","4.20697512675809","4.20876149013815","3.71089124649224","3.91088334867637","3.93096038552362","3.88636741174495","4.31789752344588","4.30552404713897","4.23350234143939","4.62146794477652","4.33421333926524","3.83384242271442","4.16891356209449","4.39344849323123","4.72088710031837","4.5086810637826","4.2030944390228","4.55626110235913","5.1692852208301","",
"Low income","LIC","Personal remittances, received (% of GDP)","BX.TRF.PWKR.DT.GD.ZS","","","","","","","","","","","","","","","","","","","","","2.93295171794331","2.15398581553563","1.55080429955392","1.77032010216771","1.58349664024019","1.77243420617996","1.5190201380504","1.54715172464386","1.63272622005612","1.8440214645194","2.46548419312566","1.57829219979204","2.82272526831811","2.38811862238163","2.62505180033806","3.20650389902149","3.19530491292848","3.15706632835446","3.60363678122576","3.47837164398402","3.24794061555513","3.22356704860822","3.3799430044029","3.90455864252463","3.5991474071715","2.45472130056623","2.27389331354892","2.29735247163664","2.36328331597658","2.21024066640303","2.49836628575582","2.63264318103165","3.21243078019654","3.1234095147389","2.97215412219116","3.12660153237653","3.08560786669228","2.24008976267142","2.69633316123429","2.70999581897007","2.43831469939314","2.53462538011862","2.85447942214114","2.7560168737176","3.81018128277729","",
"Liechtenstein","LIE","Personal remittances, received (% of GDP)","BX.TRF.PWKR.DT.GD.ZS","","","","","","","","","","","","","","","","","","","","","","","","","","","","","","","","","","","","","","","","","","","","","","","","","","","","","","","","","","","","","","","","","","",
"Sri Lanka","LKA","Personal remittances, received (% of GDP)","BX.TRF.PWKR.DT.GD.ZS","","","","","","","","","","","","","","","","0.225850402589645","0.360805505073999","0.45030781258659","1.42804270071862","1.7852113707521","3.76931440729779","5.19853949547085","6.06670264061347","5.69818094039029","4.97967345491915","4.87838347636767","5.08910268677246","5.23869629322855","5.1253629293731","5.12377582486869","4.98939638548654","4.91195760273859","5.645721908393","6.11666073695315","6.10357229220562","6.1472571731667","6.06698006270971","6.18696384964807","6.42950321951236","6.77384344468758","6.95525252555149","7.42748118158474","7.83761500994067","7.53886073171107","7.61659055853601","8.09453787576719","7.66525818394653","7.75048375552437","7.18306352381559","7.93201688989892","7.03173223546081","7.60554994919627","8.51637948114988","8.34308044196111","8.52566411916688","8.22623894980981","8.25208423100115","7.61931281877923","7.45689609377593","7.58292152118561","8.4666695107936","6.23540006537571","5.15135988688752","7.16290737039539","6.74752055316036","",
"Lower middle income","LMC","Personal remittances, received (% of GDP)","BX.TRF.PWKR.DT.GD.ZS","","","","","","","","","","","","","","","","","","1.63964298361765","2.04458963097191","2.16255352535414","2.46446318714814","1.77374607330505","2.11418402898141","2.64380164344375","2.5964708519621","2.02318047867212","1.90266470157728","2.17980487906514","1.94130529388443","1.99155775579535","2.06602595306221","2.22959809807749","2.44234364219818","2.47882116992071","2.33955995932569","1.9808639595099","1.98345592732781","2.18447466872243","2.00112610994019","2.46351800620846","2.46860392817335","2.66180315430932","3.20954326838564","3.5831169176167","3.25578735926973","3.97499422930192","4.08367937197447","4.05848248197945","4.38324769043444","4.12855450206585","3.87480148157412","4.1671721614647","4.36898721950957","4.38599317146811","4.29660398103034","4.38774914179157","4.05823598736806","4.22016131210534","4.45401306770462","4.33188145383947","4.572777526968","4.4453466919211","4.74302645895852","4.7273752176219","5.30151995526278","5.66835873897017",
"Low & middle income","LMY","Personal remittances, received (% of GDP)","BX.TRF.PWKR.DT.GD.ZS","","","","","","","","","","","","","","","","","","","","1.14846385394652","","1.17015663245919","1.19339177888421","1.29003600324281","1.21311550597509","1.08401894497121","1.07333785230104","1.16353843862355","1.05623736352544","1.0626056396649","1.09569341149053","1.11079239114619","1.22144328812936","1.16930706043367","1.14988796933054","1.10127108031467","1.04014186231573","1.16253510130017","1.15063102183784","1.30524375652888","1.30875226871293","1.42826420740678","1.66904110520568","1.86147577368544","1.79797235421885","1.86336606484468","1.8644805149881","1.81925413482243","1.77437478782758","1.70883864868702","1.55265988098778","1.4970508161348","1.51614243998949","1.48503246907509","1.52817968174024","1.59188151137558","1.53695361515617","1.53447064399529","1.55359382552641","1.54848699953322","1.60772068909883","1.54759071254231","1.64515150413237","1.62987409518982","1.73085517403379","1.71506027493705",
"Lesotho","LSO","Personal remittances, received (% of GDP)","BX.TRF.PWKR.DT.GD.ZS","","","","","","","","","","","","","","","","81.3743488074746","93.4579204794799","85.4253206276802","66.5659884774919","73.2296703130314","60.993772434586","66.923113237022","232.220894105093","228.445468762839","230.062569561872","216.325446323347","193.403320372891","235.927952657648","184.841826547877","177.593992122806","167.433089900601","145.150582422268","134.933692502236","124.113504624167","128.977537253172","108.402724209036","98.3896470338827","87.5590930329658","67.9838847420453","57.5046221414301","53.8263952523145","48.5956629998541","50.101890981185","48.0957652223959","41.4994640395282","35.6263549550153","34.1017354789965","37.9370944721986","32.5914510907795","31.4738465549697","27.3018304256905","25.1737818560694","22.3819610110588","19.5561724590359","16.6396844790547","14.7402846943756","21.534243225234","23.714439999399","22.3968139789033","22.1295783465613","21.9061888556538","19.6700805338208","22.6158645366654","22.5250121212136","19.8980594957291","20.7156568499502",
"Late-demographic dividend","LTE","Personal remittances, received (% of GDP)","BX.TRF.PWKR.DT.GD.ZS","","","","","","","","","","","","","","","","","","","","","","","0.51459145079095","0.567818955295947","0.516756060496332","0.46849491227807","0.564604751705073","0.585256658754222","","","","","","","0.713813103440427","0.459926146842008","0.456346570077217","0.515781693340163","0.401894765493299","0.481458329117841","0.534846253741946","0.593336269789005","0.754412611098115","0.897981945000243","0.974067979181329","0.859109099267795","0.840394286715864","0.848686541459598","0.786439493110054","0.742555640103654","0.642219149275672","0.581058761743676","0.545970718454248","0.563416079751775","0.616931093456229","0.639924525076556","0.603773176582676","0.581444384753433","0.535199994110953","0.495546042759464","0.502556459156441","0.474671125529278","0.461844153544636","0.47694468645321","0.4531902168989","0.429266892570835",
"Lithuania","LTU","Personal remittances, received (% of GDP)","BX.TRF.PWKR.DT.GD.ZS","","","","","","","","","","","","","","","","","","","","","","","","","","","","","","","","","","","","0.0138236450372741","0.0305449195941798","0.0287905361681292","0.0303388333549719","0.0271726906630367","0.432376552714905","0.645555344192364","0.764919527460817","0.610520440247571","2.53919307476166","2.85487616028856","3.30190488506664","3.60716310368191","3.27256598885755","3.30674682269735","4.56671804926548","4.5278395086244","3.52892651275714","4.44868367241846","4.37464712421907","3.30473244592127","2.97861311278016","2.72747361994343","2.55608663061799","2.36555049630818","1.37702741376978","1.16006005084456","1.0418329895521","1.21546465239213","1.22943659955199","1.44080828974432",
"Luxembourg","LUX","Personal remittances, received (% of GDP)","BX.TRF.PWKR.DT.GD.ZS","","","","","","","","","","","","","","","","","","","","","","","","","","","","","","","","","","","","3.49956852953727","3.40082652466111","3.31744199911189","3.25847353764046","2.97527895092644","2.72501609136762","2.69613638067626","3.49925498626873","3.52901322128954","3.35988893500223","3.15565169927749","3.014520967126","2.8675500683319","2.82379044022832","3.07758383068826","2.97003772066988","2.93473141615967","2.87387494305592","2.94706008537871","2.74412725329344","2.78872358660713","2.79646909909195","2.90286504371153","2.93011691156698","3.00406892118077","3.16202010200796","2.83766550948833","2.77413838196924","2.83927238374381","2.69652678062216","2.67275785075193",
"Latvia","LVA","Personal remittances, received (% of GDP)","BX.TRF.PWKR.DT.GD.ZS","","","","","","","","","","","","","","","","","","","","","","","","","","","","","","","","","","","","","0.703013087800731","0.719885608807577","0.70833381026632","0.663554342869109","3.24916548495243","3.34142859855123","1.21699024462232","1.4007321575177","1.58071221596804","2.32449363884608","2.34955653000909","1.87110120062372","5.62594953465104","6.17581400071879","5.35771550553895","5.66570960282216","5.52657807437145","5.5036877983812","5.13085900004383","5.0703767353682","4.55411994517047","4.33514862848996","3.72158241623154","3.45205124469257","3.26049152549512","3.45020908059925","3.40541390123867","2.88631577171599","3.04084464209023","2.96809007022419",
"Macao SAR, China","MAC","Personal remittances, received (% of GDP)","BX.TRF.PWKR.DT.GD.ZS","","","","","","","","","","","","","","","","","","","","","","","","","","","","","","","","","","","","","","","","","","","0.632421452988761","0.578922690436769","0.501112641488186","0.437088766766856","0.372897298431961","0.294934252484092","0.245393391593713","0.224098375806615","0.165887346125456","0.131055996614605","0.108597881531207","0.094375307424592","0.0671117128233999","0.0879552062706494","0.0613559892440938","0.0686994953800497","0.0764688274040663","0.0999585824224682","0.260161303896113","0.241236232450953","0.358810914849254","0.244410216664406","0.274199540982429","",
"St. Martin (French part)","MAF","Personal remittances, received (% of GDP)","BX.TRF.PWKR.DT.GD.ZS","","","","","","","","","","","","","","","","","","","","","","","","","","","","","","","","","","","","","","","","","","","","","","","","","","","","","","","","","","","","","","","","","","",
"Morocco","MAR","Personal remittances, received (% of GDP)","BX.TRF.PWKR.DT.GD.ZS","","","","","","","","","","","","","","","","5.93227269381709","5.70875364850416","5.33550386450402","5.7656743884335","5.96038222290153","4.85050549965918","5.69964316596608","4.80194515417639","5.64251586140504","5.89373527480998","6.48725171691008","7.19165724098423","7.30020223012147","5.07538102143033","5.07923589070856","6.64794664193021","6.16479856380149","6.43837862651211","6.18878470056881","5.13253694735234","5.04608312096353","5.01713361221312","4.83502918792245","4.32417428922815","4.18901066729831","5.02345468358438","7.43967629886293","6.11156372569397","6.22773774912632","6.38416480969727","6.66528634990451","7.18383815903753","7.74080962542177","6.77086122930319","6.19753894558595","6.36744217640963","6.59181438537164","6.08571534011656","5.94586343171536","6.53793335615207","6.2524269134956","5.72134559064724","5.75583694617319","5.43376597358728","5.40068574715694","6.10953091862088","7.67928536986343","8.51110257085938","8.0456838833246","7.78840277046277","7.48822220209894",
"Monaco","MCO","Personal remittances, received (% of GDP)","BX.TRF.PWKR.DT.GD.ZS","","","","","","","","","","","","","","","","","","","","","","","","","","","","","","","","","","","","","","","","","","","","","","","","","","","","","","","","","","","","","","","","","","",
"Moldova","MDA","Personal remittances, received (% of GDP)","BX.TRF.PWKR.DT.GD.ZS","","","","","","","","","","","","","","","","","","","","","","","","","","","","","","","","","","","","0.058185987809649","5.13709285030372","5.92306695936683","7.19189621965876","9.43044133881165","13.7826722310316","16.3580954622492","19.4118710536305","24.434256316304","26.9939428415335","30.621653152555","34.4991746381553","33.8832385938611","31.1820776721655","24.8619604986136","25.1302427320706","21.5478268033462","22.8086850294921","23.0768148398865","22.0793458644557","19.751035292269","18.3841028050973","17.2146358007248","16.3337386523032","16.2728382462381","16.274922384411","15.4787484391198","14.0294158168182","12.0387300286119","10.5333702582967","9.40636563281594",
"Madagascar","MDG","Personal remittances, received (% of GDP)","BX.TRF.PWKR.DT.GD.ZS","","","","","","","","","","","","","","","0.021666059063343","0.0204379842739296","0.0326076071927237","0.0138040735946361","0.0149391580914216","0.00135727088740885","0.00727912195857871","0.00463945324231795","0.00239023154361762","0.0024785831199564","0.144295015669508","0.12028061456127","0.135000812653128","0.144675417189482","0.126339541531927","0.306759443380541","0.200204599308586","0.40344381529136","0.409555886967578","0.333321736821106","0.361815355350564","0.237174312619449","0.126563136722353","0.285822631674737","0.2603864495435","0.271674991708939","0.243453677408213","0.199901272738909","0.547930321763217","0.254712444537611","0.227191740394398","1.73524962255783","2.34938936423747","2.98533741548861","2.92762619175283","2.95024263661521","4.56614970399174","2.90010801801538","2.85427352743637","2.8796453014515","2.75045448970284","2.88654900506231","2.52522893999761","2.6014634175573","3.09230520731333","2.89036438291827","3.79541630461884","3.06318819411447","2.51131420590994","1.94213463622596","2.30923332864651","",
"Maldives","MDV","Personal remittances, received (% of GDP)","BX.TRF.PWKR.DT.GD.ZS","","","","","","","","","","","","","","","","","","","","","","","","4.32303164091244","2.2830310880829","1.37588613203367","0.704809777252119","0.70809980806142","0.712104865014861","0.738729997841485","0.790536023489411","0.736507283416713","0.56164825977814","0.403203483852826","0.610531088108087","0.592943486412129","0.601212778998302","0.482479847162183","0.453622725645156","0.372828692656533","0.351869961060622","0.209546249707598","0.224316836230622","0.191251007765229","0.236389174881821","0.194028097112255","0.177755161607662","0.424653767624496","0.275819859938262","0.192329390866837","0.122062735053023","0.108044719668789","0.10905187264181","0.100296734927995","0.0938516278548094","0.0882315685293421","0.0867517790515882","0.0834018554726306","0.0780453313428643","0.0773429427784398","0.125253487973412","0.0929598229658775","0.0829967046687048","0.0813040657047612","0.0800427681119482","",
"Middle East, North Africa, Afghanistan & Pakistan","MEA","Personal remittances, received (% of GDP)","BX.TRF.PWKR.DT.GD.ZS","","","","","","","","","","","","","","","","","","","","","","","","","","","","","","","","","","","","","","","","","","","","","","2.34004853202392","","","","","","2.03325129628742","2.19466147466908","2.17486848927109","2.40302970803197","2.61257489702328","2.62310884744108","2.66561182998493","2.46922371107351","2.53906160112538","2.9807879481368","2.91016529491257","2.37467401281241","1.92354381104874","2.07600799691055","3.06696385532771",
"Mexico","MEX","Personal remittances, received (% of GDP)","BX.TRF.PWKR.DT.GD.ZS","","","","","","","","","","","","","","","","","","","","0.131567307692308","0.505406596881564","0.462475377411061","0.664129282522454","0.89071314435397","0.847306958916855","0.827694708027785","1.31618028452163","1.34537453064198","1.34297921318611","1.26149996177321","1.18582063650748","0.967619380213456","1.01884075312704","0.750527061359959","0.744523837433014","1.14902911194404","1.14518315744959","1.05947176895571","1.16622414897123","1.05324862192883","1.01403249008326","1.27455273359175","1.36054139637086","2.17538855849346","2.42376280545687","2.47848065879594","2.60156038099559","2.49619834709178","2.33150871646991","2.42656562239456","2.05963610276583","1.96824777394668","1.91669184908156","1.80619576703496","1.87295707028152","2.21091481764298","2.63693007782724","2.76495197169518","2.90745049946994","3.05446883203451","3.92284685532164","4.18261481427367","4.18953324638892","3.69134338108489","3.69507286315508","3.51359625378134",
"Marshall Islands","MHL","Personal remittances, received (% of GDP)","BX.TRF.PWKR.DT.GD.ZS","","","","","","","","","","","","","","","","","","","","","","","","","","","","","","","","","","","","","","","","","","","","","","17.2052999928128","18.1517466647353","16.705620946675","15.7331823189991","15.5995708706888","13.7895304448714","12.8527402258482","12.8593238506559","13.1735165802937","14.022338331004","14.8829770876429","14.0436218582755","14.2489719232569","14.2954786363636","13.9330412194075","13.8337688172043","13.1868502998138","19.9372487345792","22.3043667838687","23.476617395281","",
"Middle income","MIC","Personal remittances, received (% of GDP)","BX.TRF.PWKR.DT.GD.ZS","","","","","","","","","","","","","","","","","","","","1.0706549971894","","1.13765216247152","1.18281029653599","1.27560309582262","1.20239020305333","1.06574893061769","1.06146820645376","1.15373807980671","1.04175937059178","1.04206744346244","1.04795588239997","1.09287230314615","1.18312067754953","1.14135322300375","1.12010546136837","1.07020164556192","1.01344601453583","1.13760608716697","1.11941752223595","1.2725491578497","1.28035785884275","1.40010643937013","1.6400681337984","1.82686409201874","1.76748279884611","1.85231929657549","1.85683904414928","1.81037366304593","1.7628755193835","1.69907366984263","1.53557274666022","1.48177947788586","1.49444540803018","1.46353885928014","1.50759376898346","1.56939067305171","1.51658270411125","1.52635531918505","1.54055758871276","1.53508943751891","1.59761984574055","1.53670290346471","1.6305080492261","1.6174466112636","1.70663841950696","1.70948681047784",
"North Macedonia","MKD","Personal remittances, received (% of GDP)","BX.TRF.PWKR.DT.GD.ZS","","","","","","","","","","","","","","","","","","","","","","","","","","","","","","","","","","","","","1.46013980241712","1.98544022886289","1.67928626633724","1.98096674021468","2.14481880362778","1.9796882333715","2.63546719406535","3.51093915460178","3.74844506352325","3.62011272498295","3.88496700524605","4.13856246299811","4.10337352455869","4.05407607208463","4.1237815809334","4.13663540983114","4.0445665010196","3.47641490650473","3.37391619075494","3.24805956186578","2.96358125846698","3.05064858884042","2.9897334744603","2.81306965894506","3.80294753811177","3.49738517482887","3.27695424528674","2.9167769810413","2.70304623061488","2.44881546971661",
"Mali","MLI","Personal remittances, received (% of GDP)","BX.TRF.PWKR.DT.GD.ZS","","","","","","","","","","","","","","","","2.80567536445301","1.8892388710886","2.5239992594789","3.62437034599629","3.3885221488597","2.19644993873941","2.13271669766639","2.34534041103071","2.43727267547225","2.34163973391093","4.20226122743863","3.20856054568922","3.61819693647257","2.6998377256089","2.68881106685985","3.29138624693564","2.60066409248182","3.16647017899012","3.45785117250028","3.88539735408511","3.32345732500376","2.95796886347879","2.68603548118849","2.16880934013319","2.1094837265403","2.07759427351925","2.13776054270128","2.96205369957091","2.74365984791931","2.39699174499445","2.38598675093766","2.58195307271803","3.55061746276454","3.77522993772058","3.7479102190207","3.72288955734669","5.08086471927467","5.59250153974371","5.68205002834442","5.39461280269601","5.24238423305917","4.94059109032012","4.83628552426572","5.02048713450707","4.74523082844702","4.81742226778366","4.91954656262131","4.91124884987894","4.21798849484247","3.99433597388338","",
"Malta","MLT","Personal remittances, received (% of GDP)","BX.TRF.PWKR.DT.GD.ZS","","","","","","","","","","","","6.87017892471037","6.03876540160524","5.64873936651377","4.9664632507369","4.59958375663575","6.1039471270577","5.79148250066048","3.33476635291971","2.86962417195354","2.80188637704317","2.2667431749716","3.18409138995775","3.66976960163854","3.34664983237759","3.10819433229849","3.19171955172697","2.62785026970229","2.55924411247944","3.3047301952261","2.28519381869953","1.52780649589173","1.00895642416821","0.939561600120886","0.785299396458321","0.4095084178204","0.343267637797625","0.240599949053144","0.326603135290396","0.489687372542944","0.433437847075138","0.317625924112026","0.47589311822321","0.476066876213047","5.22955688121293","3.47371229204076","3.09334753589814","2.89927595574513","2.88324122275458","2.96357989777218","2.52352668696557","2.32011937844472","2.08239558648193","2.27733111356111","2.12633942960975","2.41958694018672","2.09074818946478","0.171300737363939","0.127861178471188","0.0807296747005802","0.08361024007885","0.0708248811795932","0.0651791468369154","0.0688499138998849","0.0625493512547331","",
"Myanmar","MMR","Personal remittances, received (% of GDP)","BX.TRF.PWKR.DT.GD.ZS","","","","","","","","","","","","","","","","","","","","","","","","","","","","0.382272194208193","0.443619289279954","0.460688972065196","0.282264296787569","0.0750238422055873","0.0116036913735609","0.90223676162332","0.943097758147109","1.52339511924711","1.99965658739312","3.11725090797073","2.10269787699964","1.59133473158053","1.14712909392544","1.79317580957944","1.55490351734458","0.806451177751383","1.10314384484614","1.08024714977045","0.794123341029334","0.401383120417866","0.171813031669403","0.147595958689949","0.23183884466077","0.2118733685308","0.45816842970071","2.72754382707144","2.75849193930517","3.24411249407629","3.56204287967575","3.71348445145227","3.9396915369277","3.40130043966145","","","","","","",
"Middle East, North Africa, Afghanistan & Pakistan (excluding high income)","MNA","Personal remittances, received (% of GDP)","BX.TRF.PWKR.DT.GD.ZS","","","","","","","","","","","","","","","","","","","","","","","","","","","","","","","","3.67167424004476","4.4645994498976","4.87098033784703","4.18648775478032","3.86754932214469","3.15558570046808","3.32011643868082","3.19916637847087","2.94455762676056","2.4405819014938","2.71498989678226","3.63782524590632","4.03873848955711","3.85160454945315","4.15851343871392","3.94699484021769","","","","","","","4.54086445935442","5.00164220206969","5.18235946376283","5.19099022311989","5.62184034154651","5.42130108444712","5.55109202466156","6.29170722459929","6.50612969920276","5.56457806542459","5.06356203408107","5.49531961470298","",
"Montenegro","MNE","Personal remittances, received (% of GDP)","BX.TRF.PWKR.DT.GD.ZS","","","","","","","","","","","","","","","","","","","","","","","","","","","","","","","","","","","","","","","","","","","","","","","","5.33388895471998","6.53821948283644","7.28926256775355","10.0549553089205","11.30670748987","12.4637096092133","12.3314444449362","11.8645730644694","11.7114990068655","11.0349453967777","10.8867851424753","10.8385252198125","10.6556479378005","12.6886097664536","13.6050350682189","13.2616945539754","10.5315616512821","10.3355652800086","9.71657006662471",
"Mongolia","MNG","Personal remittances, received (% of GDP)","BX.TRF.PWKR.DT.GD.ZS","","","","","","","","","","","","","","","","","","","","","","","","","","","","","","","","","","","","","","","0.489132279003357","0.744619801787256","0.0968693906991448","2.1044815521063","4.91894868729657","4.97433577572138","10.1657238878555","7.01210601990436","4.54567633520099","4.2037712502324","3.99407070425828","4.35482570972523","3.70322313329864","2.39815062443905","2.63436473976603","2.043651376089","2.08662757904284","2.24538022008169","2.3241947000485","2.38105237776487","3.34307917505255","3.9484460422474","4.12254263505693","3.08222219088585","2.32831928767738","2.23995468059518","2.217677569671","",
"Northern Mariana Islands","MNP","Personal remittances, received (% of GDP)","BX.TRF.PWKR.DT.GD.ZS","","","","","","","","","","","","","","","","","","","","","","","","","","","","","","","","","","","","","","","","","","","","","","","","","","","","","","","","","","","","","","","","","","",
"Mozambique","MOZ","Personal remittances, received (% of GDP)","BX.TRF.PWKR.DT.GD.ZS","","","","","","","","","","","","","","","","","","","","","","","","","","","","","","","","1.44233642454829","2.07239333626473","2.06717487919074","1.8525353396411","1.93033404633487","1.51359275726361","1.30497304301446","0.834066182693714","0.604593027242235","0.62050164371071","0.740103735993121","0.883159968441402","1.05533524175327","0.724665044061842","0.664056524817824","0.841575985716836","0.919264118407283","0.895827535951637","0.906117225585617","1.0145312177468","0.886977810467321","1.04330197369737","0.886209740872929","0.864739312511659","0.88148104076383","0.77365393280182","1.94454398991483","2.78164421400777","1.17121127707667","1.13844765742436","1.2485624975782","0.880076401215132","1.21673853246575","1.17313632356755","",
"Mauritania","MRT","Personal remittances, received (% of GDP)","BX.TRF.PWKR.DT.GD.ZS","","","","","","","","","","","","","","","","0.0626678567378007","0.0544501634855296","0.0384346672145001","0.0699983594079659","0.247223791166189","0.532063895835422","0.33526383469604","0.209057608868303","0.104908828723584","0.0889879686016752","0.0783713905746572","0.156364166000185","0.498280738906506","0.657336146854973","0.329521597797018","0.909683189626334","0.550194595402102","2.31640931396907","0.122775785002458","0.251728651823091","0.260462899702087","0.204738354489743","0.129990001137759","0.108602458207479","","","","","","","","","","","","","","","","","","","1.13277903965367","0.807866877690839","0.816476672490999","2.04181103155501","0.142882127768859","1.14289772827218","1.56947912217259","0.869003936095877","",
"Mauritius","MUS","Personal remittances, received (% of GDP)","BX.TRF.PWKR.DT.GD.ZS","","","","","","","","","","","","","","","","","","","","","","","","","","","","","","","","","","","3.27227773970301","3.22364659870154","3.57024133744505","3.95875793547802","4.25953439992392","4.04343907902975","3.74515302416488","0.0131711598897829","0.0129212688404784","0.00973242718038135","0.0109444156600041","0.00926375380011446","0.0102105668722916","0.00850011606696243","0.00625713444288657","0.00712897859707131","0.00802741936590489","0.00444431567945259","0.00728464342091967","0.00444630512057377","2.47185101855113","1.83829874444038","1.52117482334918","1.80070695608706","1.63543826413711","2.17484841843275","2.46174617403058","2.3444626925632","2.11679538005685","2.24116402633618","1.92042789803528","",
"Malawi","MWI","Personal remittances, received (% of GDP)","BX.TRF.PWKR.DT.GD.ZS","","","","","","","","","","","","","","","","","","","","","","","","","","","","","","","","","","","0.0445910551488662","0.0257378988669737","0.0195011238270816","0.0192204797867942","0.0293171574721075","0.0288988200982992","0.0294361714734345","0.0298992545706855","0.0165842170746753","0.297918340748836","0.362166583672763","0.42349895908867","0.254198463291578","0.325729921182152","0.215329557317457","0.184871445378401","0.214918734325807","0.21737568620535","0.322610777596228","0.424976861484475","0.43728829612881","0.450068792762419","0.493726697738343","0.881981304672153","1.83280988771719","2.54177432384451","1.9682614672589","2.57418486200992","2.12676683960859","1.35282219243253","1.65109016161798","",
"Malaysia","MYS","Personal remittances, received (% of GDP)","BX.TRF.PWKR.DT.GD.ZS","","","","","","","","","","","","","","","","0.0449250119783127","0.0356061957950615","0.0309214548649453","0.0263949795232457","0.0215405848848934","","","","","","","","0.151692643254792","0.282559241262857","0.3573024145625","0.420722033817905","0.264896878299873","0.258753795751802","0.262494617840895","0.160142997740419","0.130540057956863","0.162760947838547","0.194430720654335","0.262700428021064","0.407961059169315","0.365038257468414","0.395656009007911","0.431352798574161","0.518185443526144","0.642783009315513","0.778191510217667","0.839300079361867","0.804050512417782","0.575824944244283","0.559125184834752","0.432489840716057","0.406608260024417","0.411459483093052","0.440295355965007","0.467221522754598","0.545442877050346","0.532410432040039","0.516733919100736","0.469796796132669","0.437418180236884","0.422776119475248","0.415301972862394","0.396663370541767","0.426163280659906","0.380193528996402","",
"North America","NAC","Personal remittances, received (% of GDP)","BX.TRF.PWKR.DT.GD.ZS","","","","","","","","","","","","","","","","","","0.00960695082105805","0.00935533651783318","0.00875412442960219","0.00279983914924088","0.00249451129561487","0.00239249545949221","0.00220140791042912","0.00198136869482043","0.00184375172131508","0.0198269249203702","0.0204728317901473","0.0190014662638992","0.0180800414068399","0.0196205223284898","0.0211103080172565","0.0275446308137613","0.0265361863913396","0.0266630585313828","0.0323252951544989","0.0314648386247974","0.0299194359632263","0.03024140435062","0.0475589412476791","0.0450134886155817","0.0452630429946495","0.0445288755285533","0.0432666362219221","0.0419941878834579","0.0403076954826297","0.0484523687477216","0.0491956654867011","0.0493219426130557","0.052224783969232","0.0503244547399302","0.048890455949507","0.0483637426111109","0.0489727552218312","0.0473215432264249","0.0468202277536188","0.044569091667121","0.0428856518408995","0.0432502218479944","0.042539841940469","0.0400338192681688","0.0371966391177684","0.0363774923512353","0.0375874319918908","0.0302946365901607","0.0298523158056578",
"Namibia","NAM","Personal remittances, received (% of GDP)","BX.TRF.PWKR.DT.GD.ZS","","","","","","","","","","","","","","","","","","","","","","","","","","","","","","","0.48209976716647","0.460406277819673","0.458028787009462","0.447099026725472","0.406328749436851","0.392227269618939","0.338759600060989","0.320170739649166","0.289561964475036","0.255958469594981","0.233568891279017","0.237667719871682","0.225582543371841","0.239344302521286","0.220820198670774","0.241414593263615","0.205489003333694","0.177408521202209","0.157577971688969","0.855941185378758","0.605413370462774","0.628866326887551","0.614279588491176","0.53227102387187","0.649128569027396","0.411760300594441","0.620025634704714","0.374500760755322","0.392271718299272","0.522993878187629","0.571164175639804","0.50776120762883","0.56572462364198","0.669748114888564","0.707386765887929","",
"New Caledonia","NCL","Personal remittances, received (% of GDP)","BX.TRF.PWKR.DT.GD.ZS","","","","","","","","","","","","","","","","","","","","","","","","","","","","","","","","","","","","","","","","","","","8.89599574877045","9.12316465268614","8.35805599940155","8.21066234480231","7.69520573410201","5.56905936787811","6.00182183730623","5.85161275849051","5.2523079842033","5.74063174172788","7.40239377198412","7.13433130886502","6.7780448798543","7.01401389275359","7.11853753522601","","","","","","","","","",
"Niger","NER","Personal remittances, received (% of GDP)","BX.TRF.PWKR.DT.GD.ZS","","","","","","","","","","","","","","","0.418225432687536","0.742609521297205","0.590878504627467","0.499235703832973","0.478276514728616","0.410083574802041","0.449811332007367","0.422953008892198","0.353544511502552","0.379275220190667","0.510415025453638","0.623609394791509","0.83848950102088","0.722396112325983","0.688456972196953","0.607076067673358","0.395486310652463","0.396247469500497","0.536645866899013","0.519896381786407","0.356220470793541","0.334636146338529","0.186976642040427","0.232946261385646","0.710567845610797","1.04926993390352","0.645055526878866","0.89810993743714","0.684906665837506","0.752456151803858","1.59075150250542","1.51475029739711","1.64364376885459","1.38629568386154","1.28953860871016","1.38906121063802","1.71214178532665","1.8939147487217","1.61064789373358","1.42702887703921","2.01676728880396","1.77187725324222","1.70554561164422","2.32445568725576","2.31762903339342","2.48503302202279","3.81690394503684","2.36561041163059","4.66939565486606","3.68054894189542","3.29647457556865","",
"Nigeria","NGA","Personal remittances, received (% of GDP)","BX.TRF.PWKR.DT.GD.ZS","","","","","","","","","","","","","","","","","","0.0559571421849802","0.00861878465426647","0.0175159967505567","0.0341838357387897","0.00984274429456818","0.0124805465298475","0.0142173672177633","0.0159779068429756","0.0136545482453908","0.00727967574318032","0.00519974214930011","0.00488338790565714","0.0231430849374419","0.018522055521021","0.110109526368484","0.108433299815321","1.39834154324852","0.683924565274709","0.177436419863555","0.159687158411823","0.291629200993094","0.205363349159375","2.19976985813068","2.01213945839382","1.58598267287779","1.27186423864257","1.01473305380443","1.67402423263252","8.33382866137292","7.10077133215677","6.47393659368398","5.65576312074648","6.22720227712386","5.3801827353032","4.97428952755572","4.42762234112029","3.99853624231869","3.65720630538804","4.18355590955889","4.86790574219487","5.86487483704888","5.76446757768372","3.56309024895967","2.87469533137043","3.19846919167208","3.11115327876129","4.01108712398946","8.77134410191558","7.83684309060138",
"Nicaragua","NIC","Personal remittances, received (% of GDP)","BX.TRF.PWKR.DT.GD.ZS","","","","","","","","","","","","","","","","","","0.175123498704467","0.192696336226379","0.287063029633714","","","","","","","","","","","","","0.557786702365016","1.42332201497744","1.29426880822958","1.81138856216806","2.20501950963123","3.41687712571523","4.31467122882101","6.17789081019196","6.26273702493429","6.27271214834592","7.20749721786351","8.24466691573136","8.95573994162249","9.74004769903941","10.3124450852975","9.96312322265429","9.64932478160403","9.28217394241574","9.41702771812067","9.34693285750421","9.64962340670105","9.84522586626409","9.59728859218162","9.38722671993586","9.54456635913753","10.1168636608711","11.5529700989125","13.2797611157152","14.575973804427","15.1305304091898","20.6414328376813","26.1841026231544","26.632397170907","",
"Netherlands","NLD","Personal remittances, received (% of GDP)","BX.TRF.PWKR.DT.GD.ZS","","","","","","","","","","","0.349090338116889","0.454992903254727","0.478272395790555","0.51068243885869","0.398237338676534","0.333431685700525","0.300804883146581","0.315188899478778","0.286091307281631","0.306091395450674","0.30923020882782","0.338414403465717","0.413462503273598","0.368983664769179","0.341991958575868","0.348145775856201","0.311199463613172","0.306963372336995","0.310406518631934","0.297140823520732","0.222378802135152","0.205010744099028","0.217968722229481","0.254648271932553","0.259175988735936","0.146793918068978","0.154443506393526","0.15841772508893","0.143889012929763","0.108450508444273","0.101952272405984","0.11161144671219","0.10180595792464","0.192410855636348","0.19634500970701","0.182920874113933","0.210500310981389","0.190999691333567","0.172157501817802","0.319631419729029","0.326016359160293","0.352299466776634","0.364191668418578","0.370573154363865","0.412968512988973","0.422336499572838","0.402191680779676","0.402844365707487","0.400553682515035","0.39546440721263","0.388424031122952","0.375241954774634","0.363880236566379","0.376317382521895","0.388768368267583","",
"Norway","NOR","Personal remittances, received (% of GDP)","BX.TRF.PWKR.DT.GD.ZS","","","","","","","","","","","","","","","","0.0245999618117231","0.0245719498365088","0.160006146536929","0.146655461255366","0.13802964625936","0.158377450437337","0.197254884015564","0.170690858985447","0.164829268450586","0.163339881055345","0.161684966128711","0.14131608602148","0.14360279320824","0.135901913679089","0.137279086589587","0.132242155995587","0.14381492477494","0.146061634027106","0.138795358858166","0.13481349503394","0.158017907543786","0.190155504729826","0.180557177719224","0.196533135480369","0.178393861314175","0.158509643715294","0.160706044952981","0.170267623952971","0.17090449275654","0.175023431147448","0.162251234515535","0.151193108324421","0.151215224654127","0.145102431625822","0.159597661753455","0.154492590055616","0.149159885649382","","","","","","0.148139581146018","0.141742829682706","0.145138384226326","0.154088403630154","0.128795194882013","0.161194070050397","0.191426464092516","0.189068677853789","0.194310582153258",
"Nepal","NPL","Personal remittances, received (% of GDP)","BX.TRF.PWKR.DT.GD.ZS","","","","","","","","","","","","","","","","","","","","","","","","","","","","","","","","","","1.4979366016325","1.23238960951363","1.29110017723861","0.976652460897553","1.00551241513623","1.39006090699173","1.65809912429702","2.02936064424625","2.4468753962689","11.2130196297909","12.1803238824978","11.3089899806632","14.9051013655231","16.0689646788639","16.7918134796819","21.7381039679629","23.2076254422303","21.6469852746313","19.5463008559418","22.0821265457679","25.1947048897919","25.9051136185799","27.6260850017638","26.9605652689538","23.9135443394186","25.0264204285432","24.1163701264819","24.2502461023191","22.2775786274327","22.853296719339","26.2231139135394","25.9924855623944","",
"Naoero","NRU","Personal remittances, received (% of GDP)","BX.TRF.PWKR.DT.GD.ZS","","","","","","","","","","","","","","","","","","","","","","","","","","","","","","","","","","","","","","","","","","","","","","","","","0.604747790409272","0.475634037517297","0.447550893869387","1.8927552377564","8.29129656958174","11.3250972588488","11.9544890491642","12.2791161139131","12.0356588960914","9.46109680993042","4.98915001339507","2.97852223073991","1.99206399992649","0.797626228252732","0.50850111009413","0.545161042840852","1.33174632933075","",
"New Zealand","NZL","Personal remittances, received (% of GDP)","BX.TRF.PWKR.DT.GD.ZS","","","","","","","","","","","","","1.12432610592276","1.21914026925117","1.16309217993393","1.22371328993256","0.936264977253509","0.929937743442818","0.839334836660124","1.00071118874188","1.10198986954197","1.0634677841027","1.21904490374133","1.23721864795134","1.27060460167725","1.03867574257601","0.992173562092592","0.939341501570338","1.0889657871808","1.33188292038118","1.67456957590363","1.52326668265252","1.4463255982801","1.78077435882917","2.08764041227318","2.58395474310819","2.90812105003353","1.52907768152201","0.461423768593217","0.438258875776806","0.409135170898027","0.406141084126267","0.348986547383054","0.329079904299827","0.310160752317534","0.306865010711201","0.300060878655252","0.279652917346802","0.315776452367794","0.272096051527073","0.252235166345186","0.270283446713562","0.261621249878211","0.240510496883885","0.265646197414727","0.298480968227471","0.279432460204784","0.260741500479649","0.240382374095732","0.222410261041989","0.20086745515479","0.182045818259187","0.163062815378628","","","",
"OECD members","OED","Personal remittances, received (% of GDP)","BX.TRF.PWKR.DT.GD.ZS","","","","","","","","","","","","","","","","","","0.226147581863157","0.233876930724001","0.254566694921971","0.28477308451204","0.270610549556492","0.263771274279964","0.235160670513069","0.222364374419197","0.251615431508936","0.285430871818009","0.292787510370336","0.296756183330364","0.306976619551993","0.308877316946756","0.245361179571516","0.241276324447077","0.227724233555439","0.219129235384282","0.202661809550345","0.203436279864854","0.225595348073681","0.236299723676981","0.21994688263668","0.216238289714504","0.229158995814676","0.236897053095118","0.259516724420723","0.268942337221858","0.282457845359507","0.301324082115479","0.315413849009345","0.331234660819169","0.328637201801532","0.311484756013425","0.319172640118825","0.316453111103987","0.334683338117503","0.340484867073526","0.338300133061386","0.337801217281357","0.343850678827615","0.348029784725735","0.351549235648467","0.36396922642214","0.362984353554861","0.367187789443687","0.375185784027053","0.37662045058982","0.37694700744478",
"Oman","OMN","Personal remittances, received (% of GDP)","BX.TRF.PWKR.DT.GD.ZS","","","","","","","","","","","","","","","","","","","1.05652395203297","0.876308610833191","0.580804429226852","0.55836952687618","0.574844772259724","0.547465258208521","0.492302925008895","0.434040358767787","0.536154802871396","0.499433991187953","0.465188401051481","0.41625041602578","0.29309468896606","0.30198707479022","0.275047674781887","0.274142846551374","0.26511134662257","0.248130753202338","0.224111132698659","0.216188746161498","0.243078294699303","0.218698499278078","0.175205636304155","0.175683114510254","0.169134145928941","0.157727048085719","0.137467122446548","0.109870791948668","0.0916248755428774","0.080768920119538","0.0558869444371998","0.0703495434314631","0.0600240096038415","0.0503392867929847","0.0446313008238938","0.0433771731963771","0.0420842358063901","0.0495633469136904","0.0519264721154845","0.0482479558949352","0.0426330150068213","0.0443008440787492","0.051392391185177","0.044674767691208","0.0355127088147278","0.0367429346129202","0.0364128463172104","",
"Other small states","OSS","Personal remittances, received (% of GDP)","BX.TRF.PWKR.DT.GD.ZS","","","","","","","","","","","","","","","","","","","","","","","","","","","","","","","","","1.96298326689849","","1.6518207201188","1.33335098592512","1.30197468165011","1.28810988596678","1.2000894180492","1.17610509658622","1.17704440498592","0.767946847516044","0.657104516059368","0.745125808280088","1.42932315017603","1.3883538945596","1.44351794062091","1.42851986100933","2.30012875689306","2.23150849300215","2.55106594655818","2.42741895310229","2.37857944787642","2.15767893067044","2.40304600663195","2.37987152616793","2.28826497018541","2.04644468888343","2.03094308548562","2.03488075458545","2.23484631912185","2.26040483309847","2.09728635911755","2.02308950289593","1.81092455804987","",
"Pakistan","PAK","Personal remittances, received (% of GDP)","BX.TRF.PWKR.DT.GD.ZS","","","","","","","","","","","","","","","","","3.12678016258323","5.76545758748698","7.3508457077478","7.62691764507606","8.6563962295082","7.35609811952724","8.42323757480126","10.2476344855881","8.28460491566596","8.14608758096142","7.66914898371919","6.5380152677286","4.86567402102492","5.02178391102508","5.01436068130985","3.39438232501182","3.2190438358492","2.79150186847426","3.34511569570683","2.82376378951299","2.02786922311198","2.73456924126094","1.88448808958283","1.58160869663171","1.08056705613903","1.50392783829178","3.62937104656209","3.52757185317913","2.98375276643631","2.94748457854817","3.16362276382615","3.25728883548923","3.48114218915231","4.65309230234024","4.92604271661375","5.31817590756805","5.60040378648877","5.65574753329438","6.35394444445627","6.43611445161773","6.31922966290135","5.85367806811606","5.95094743448361","6.9340427404279","8.68401332889248","8.98436279286431","8.04928811142895","7.88805370627643","9.39186913640518","9.93795311287398",
"Panama","PAN","Personal remittances, received (% of GDP)","BX.TRF.PWKR.DT.GD.ZS","","","","","","","","","","","","","","","","","","3.78707372366391","3.72315676776496","3.6630613243449","1.41306406724417","1.18144429284385","1.30854483765283","1.31842026897158","1.19675509236677","1.51341039833099","1.47694101600772","1.52907321775132","1.72969244475411","1.72510804228485","1.70501335956495","1.52798525529545","1.2732616475431","1.23767651493602","1.19590533119434","1.16985773391433","0.93721086243046","0.639237804257312","0.528151869471131","0.414211669263765","0.137049296882789","0.596593152760827","0.660893545415999","0.785094611251729","0.721182338510751","0.779600140561424","1.61042060568803","1.63601281473689","1.46959752622415","1.21261338857237","1.35622331765004","1.03172691108868","0.987848675151762","0.982758143103835","1.47081971942776","0.993763317506586","0.84088232821862","0.82912336810086","0.799027587188795","0.832419781313777","0.67742590721831","0.840846144368929","0.688288624172831","0.615281967406083","0.61438608714797","0.701344288402058",
"Peru","PER","Personal remittances, received (% of GDP)","BX.TRF.PWKR.DT.GD.ZS","","","","","","","","","","","","","","","","","","","","","","","","","","","","","","","0.3294158473427","0.43096587666862","0.667291282757824","0.829694991107158","1.05387273151483","1.12355770270158","1.08049577452325","1.09376972983441","1.16573493412717","1.33499843988249","1.38693075533602","1.4476439380523","1.28772179077061","1.47877535639654","1.6964738424159","1.89331588408079","2.0729107456208","2.08553802579695","2.02706961928358","1.99357606247792","1.71758394083601","1.57017608748452","1.47367128502939","1.36617622391414","1.33950365096341","1.45677840371066","1.53367517529191","1.47518841959064","1.45298846911572","1.4646873478317","1.44323462669192","1.59356371233468","1.50741651149215","1.65910444690938","1.69108666823012","1.58257972876857",
"Philippines","PHL","Personal remittances, received (% of GDP)","BX.TRF.PWKR.DT.GD.ZS","","","","","","","","","","","","","","","","","","1.5213316408332","1.73121695650044","1.7810068646833","1.69886730795849","1.97533844914347","2.48542794807286","2.97675956718232","2.00950537275224","2.30539397544983","2.53330611288002","2.69902043026863","2.92453705171863","2.80745012301448","2.90051414809649","3.57252205679188","4.20043396842865","4.17012369254618","4.71846813482997","6.33237935793294","5.15065891656287","7.22480719245843","6.8866070571266","7.81525762772395","8.27538844583698","11.0996743274612","11.5470364978462","11.7636795721571","12.0713248541975","12.7839886627031","12.1392347971869","10.538140162174","10.3789187625683","11.3422561884615","10.3454184113586","9.84286049520808","9.39585704973622","9.41055797221716","9.64449879049469","9.72419552564766","9.77380233956317","9.98833927166016","9.74765976052018","9.33261353281524","9.64277376552078","9.30892916286057","9.40977059288243","8.94551807698169","8.72469619181708","8.53229833446857",
"Palau","PLW","Personal remittances, received (% of GDP)","BX.TRF.PWKR.DT.GD.ZS","","","","","","","","","","","","","","","","","","","","","","","","","","","","","","","","","","","","","","","","","","","","","","0.794459343721134","0.808368613457027","0.78030470682525","0.806164727988756","0.864182758160597","0.914558618565116","1.00801265013832","1.0981600295682","1.04302877300189","0.903798752368639","0.802802036462318","0.778699823498553","0.816942592777589","0.80457042143344","0.838434638274328","0.878812459295105","0.797674843526975","0.854242154314663","0.803165133290717","","",
"Papua New Guinea","PNG","Personal remittances, received (% of GDP)","BX.TRF.PWKR.DT.GD.ZS","","","","","","","","","","","","","","","","","0.924535071618025","0.531287345878437","0.47016160271463","0.398049757477738","0.213916683762412","0.189627887954862","0.25750256776353","0.168327518300177","0.209779740923925","0.231387880901906","0.264626838766199","0.427312343262046","0.273857445307499","0.203790712380329","0.168847301923461","0.554873102307522","0.473607491225101","0.411025583695424","0.361716544275175","0.337965027821008","0.29419904274096","0.282566356414458","0.256342174365242","0.225601386200958","0.205220393502512","0.19228998324972","0.187439695151945","0.196003171842016","0.242583738639502","0.140704343406116","0.0528085979466129","0.0798576969096623","0.0629812087975816","0.0407470293052526","0.0245721974921493","0.0683883884659117","0.0669373060115163","0.0671683507848505","0.0451259943812568","0.0181580287384092","0.0129789270791316","0.0187414719192621","0.015126137245558","0.118574251288741","0.00963228723272583","0.0118860620542362","0.0461890927568739","0.0438265400174174","0.012550726704419","",
"Poland","POL","Personal remittances, received (% of GDP)","BX.TRF.PWKR.DT.GD.ZS","","","","","","","","","","","","","","","","","","","","","","","","","","","","","","","","","","","0.524351027375461","0.506866049812201","0.48130429367481","0.530351474141729","0.610443943950517","0.483291435507521","0.864972241771312","0.814812805215808","0.843789042785606","1.04501609998106","1.84337798896664","2.37231337470414","2.76469080740655","2.78672988322137","2.30035908352248","2.31666989337358","1.61301242326501","1.47163425999162","1.41343352113926","1.43907567915602","1.37751878633013","1.42379780433298","1.42902535043624","1.38258863346815","1.27863897253057","1.24692257735652","1.22756646645785","1.15051400179387","1.08739487666547","1.05114006470983","0.946863310070558","0.913672145388653",
"Pre-demographic dividend","PRE","Personal remittances, received (% of GDP)","BX.TRF.PWKR.DT.GD.ZS","","","","","","","","","","","","","","","","","","","","","","0.408388774708104","","","","","","","","","","0.526141476594359","0.831678737119107","1.2196503814047","0.93490296482089","0.612103266125588","0.456074330969422","0.704410957240284","0.715294363337188","1.98473698717369","","1.6288023231643","1.63513194848437","1.58868912127773","1.92699946482844","4.22694681727373","3.86918627705039","3.46872174065718","2.78996699685967","2.95042969302746","2.79026808027735","2.61852690374524","2.40396450610941","2.28947412985743","2.1684727558509","2.6119882741604","2.78429933219304","3.01427043439588","3.08320532960044","2.57711338472652","2.33605040028743","2.46944879804194","2.45017358137081","2.80530928970917","3.18318743092806","",
"Puerto Rico (US)","PRI","Personal remittances, received (% of GDP)","BX.TRF.PWKR.DT.GD.ZS","","","","","","","","","","","","","","","","","","","","","","","","","","","","","","","","","","","","","","","","","","","","","","","","","","","","","","","","","","","","","","","","","","",
"Korea, Dem. People's Rep.","PRK","Personal remittances, received (% of GDP)","BX.TRF.PWKR.DT.GD.ZS","","","","","","","","","","","","","","","","","","","","","","","","","","","","","","","","","","","","","","","","","","","","","","","","","","","","","","","","","","","","","","","","","","",
"Portugal","PRT","Personal remittances, received (% of GDP)","BX.TRF.PWKR.DT.GD.ZS","","","","","","","","","","","","","","","","5.82554708126252","4.54604403988532","5.5833981831409","7.225233300872","9.33885895115247","9.02371452330161","8.99527760111415","8.63199429783256","8.0298164088856","8.72305319542389","7.9798490886978","6.8508216488971","6.99783818437763","6.25431581212263","6.11578265394132","5.69018697301466","5.28689972851715","4.42618388890164","4.54176702459404","3.81782144505365","3.34613358324984","3.02386833412204","2.98036336808213","2.84929102943261","0.194665260084032","0.218158434232338","0.281342248946459","0.229264027668068","0.232415662279552","0.203413778668692","0.195990180782017","0.210833699872359","0.253622723519439","0.24330950124057","0.244490225163202","0.216779155963816","0.257252315218168","0.250922876767751","0.249135773893331","0.267385373237094","0.259673034221548","0.264326745665758","0.263997498626593","0.298114367737838","0.349031677268384","0.441863851659828","0.533906496255148","0.631570715588484","0.593684256641103","0.587155371046403","",
"Paraguay","PRY","Personal remittances, received (% of GDP)","BX.TRF.PWKR.DT.GD.ZS","","","","","","","","","","","","","","","","0.390361224313297","0.429674555431193","0.836456610472968","1.46492549807467","1.06533125352021","1.17128992615339","1.12187430695552","0.763920575284924","0.585202630141798","0.533041604739993","0.292464549837082","0.367884588977951","0.571638003065955","0.56160190157185","0.830227476870481","0.581543930460693","0.607070002172572","0.892779319105571","1.30491150775579","1.87905389453869","1.48861225829495","1.39859542884652","1.41692726850133","1.53987672114836","1.67476319702815","1.7130199979486","1.64787181908521","1.3715456499774","1.4236740138903","1.3715082491051","1.50221184795487","2.5019676839783","1.90848171580223","1.4731913743804","1.68775418813293","1.50356446194434","1.60168910920421","1.90581120158975","1.61886190670116","1.25474487879368","1.52890986973172","1.82007164354988","2.15242904686494","2.11993649032651","2.17286084690711","2.13482355166193","2.06573736480272","2.07604879712509","2.15770321691504","2.54020481421082","3.09650732190371",
"West Bank and Gaza","PSE","Personal remittances, received (% of GDP)","BX.TRF.PWKR.DT.GD.ZS","","","","","","","","","","","","","","","","","","","","","","","","","","","","","","","","","","","","17.7318143048617","15.9050915063351","16.5780094685888","26.0151801388547","25.6669123960187","20.0252262968096","20.1249460048222","21.704682984936","7.81446493024065","8.65847782987104","7.38118186515537","8.67670695215829","10.2918552057481","10.1324738114759","9.34038992133322","9.5764022790779","10.2065334289725","14.228314544803","11.0194652216269","12.8990789262009","13.0071577445967","13.544446593553","14.7502693254891","17.4109629066019","18.4017265263275","16.4802362028662","20.7657096918972","23.9769674621994","17.4093394320223","4.59269741059462","4.03848787823294",
"Pacific island small states","PSS","Personal remittances, received (% of GDP)","BX.TRF.PWKR.DT.GD.ZS","","","","","","","","","","","","","","","","","","","","2.02503549597089","2.30230380316448","2.6086252058656","3.08909612334419","3.72917486109352","3.57695700030969","5.9332279954397","5.6922250225231","6.489734119353","5.77701242426131","5.63537601668345","5.73921365880563","4.67346205252439","5.02496900784963","4.48729533774058","3.90447683088761","","","","","2.70870361493682","4.03704368837481","7.28410262551657","7.54130733660099","6.69519684731189","6.12694596458505","7.90458284866836","7.96174480036262","7.13043187720312","6.56188361627102","7.59215027398205","7.16920118250018","6.576743338827","7.04202270462699","7.11838357368523","6.61831106674316","7.06326713037315","7.06879791696023","7.35704877236393","7.68776357728088","8.32469762967771","10.1728840160256","12.6572732717356","13.1105382871451","11.9731793151006","11.2003676653068","",
"Post-demographic dividend","PST","Personal remittances, received (% of GDP)","BX.TRF.PWKR.DT.GD.ZS","","","","","","","","","","","","","","","","","","0.20801813189039","0.217902357813124","0.231832545808012","0.249623333944188","0.227376414891786","0.226137325112967","0.204252398639592","0.187212317204209","0.213988014061148","0.246536178057313","0.253172025421978","0.262661032018483","0.261138857020951","0.266305696206213","0.211153989349066","0.205900965806025","0.194601558606301","0.183977005301927","0.173522618404763","0.172612607789267","0.190306741713615","0.200593831949937","0.18650456493884","0.179128418137346","0.191305589492103","0.202788039777642","0.215415796720092","0.216549247638611","0.216256399808317","0.223155249094423","0.242952601131729","0.265460242344776","0.272604007827779","0.266600875285922","0.279958160400814","0.278752918230605","0.302105273681578","0.30269387251577","0.295741221495417","0.293750298028217","0.300968187164781","0.30499022630456","0.306551262416257","0.307438258208154","0.29980854433458","0.295224794905635","0.298973482884476","0.297671092726625","0.267139880613923",
"French Polynesia","PYF","Personal remittances, received (% of GDP)","BX.TRF.PWKR.DT.GD.ZS","","","","","","","","","","","","","","","","","","","","","","","","","","","","","","","","","","","","","","","","","","","10.288427073739","10.3194878548405","10.7539713396567","9.76801976925712","10.5794828802556","10.3867536118721","10.6919068927732","11.0524844463055","10.6912928665548","11.6437140301604","11.1277590967902","11.135165457296","10.7301416028289","10.5950045588166","10.5795203766787","","","","","","","","","",
"Qatar","QAT","Personal remittances, received (% of GDP)","BX.TRF.PWKR.DT.GD.ZS","","","","","","","","","","","","","","","","","","","","","","","","","","","","","","","","","","","","","","","","","","","","","","","","","","","","0.341901614862895","0.42995324346997","0.289036590893845","0.241788019993971","0.270241147605629","0.24949975931964","0.413369146110461","0.254743003069051","0.326951412887929","0.45124451187512","0.477817619071586","0.437654896965699","0.674680261981685","0.667206901457106","0.583581962104768",
"Romania","ROU","Personal remittances, received (% of GDP)","BX.TRF.PWKR.DT.GD.ZS","","","","","","","","","","","","","","","","","","","","","","","","","","","","","","","","","","","0.0365778980772363","0.0240447796494363","0.0487315261202877","0.0449751334308493","0.11751700862253","0.267014105764207","0.257692251193537","0.28716342423721","0.310427525177069","0.214509178939295","0.17472803848815","0.966725235612912","0.951015102240038","0.930347519900961","0.794311370688723","0.391971399276111","0.377143482457979","0.3603478606251","0.409351035859985","2.53203772880486","2.5452952663767","3.03084180005794","3.20026343931196","3.11955294245231","2.88843413726554","3.25576428661723","3.04269091098798","3.19770433214157","2.97351758137581","2.86550550052392","2.490134665764","2.48373554068815",
"Russian Federation","RUS","Personal remittances, received (% of GDP)","BX.TRF.PWKR.DT.GD.ZS","","","","","","","","","","","","","","","","","","","","","","","","","","","","","","","","","","","1.1549638477282","0.0419429590903774","0.025911041753587","0.0559974774963992","0.111151098465445","0.21704672187237","0.192503071220407","0.32172320232662","0.270929070680024","0.258790908871147","0.373382010119783","0.449802113997943","0.385923449755519","0.359030354019774","0.34542413264832","0.417541988221401","0.344282408841521","0.298313804363493","0.262090607919179","0.294477562161684","0.377640974141187","0.506305846173427","0.523867598943551","0.523123068702963","0.560375837837153","0.616170784814508","0.66406336325159","0.527388477992061","0.14155628989734","0.127863430897728","0.0830341335359767","0.0628834422034581",
"Rwanda","RWA","Personal remittances, received (% of GDP)","BX.TRF.PWKR.DT.GD.ZS","","","","","","","","","","","","","","","","","0.0387910151987905","0.157755136126814","0.239358403642555","0.431527506192047","0.269469394209512","0.277234190189226","0.510087215398303","0.232085459069811","0.185405158983121","0.166956426401426","0.206646755184562","0.207663725788144","0.158903517090871","0.16445311746241","0.103063324820842","0.185569079504347","0.0908873505349145","0.19939022526574","1.66244326988139","1.63323920959271","0.953584712818941","0.282839889105614","0.215017031282624","0.153812850988979","0.320289011817369","0.399167479261824","0.366733839260893","0.449830608466234","0.412783165247736","","","","","","1.75920390392447","2.56079349750422","2.41379336428003","2.20629132552935","2.25822861403916","1.88467798454356","2.00675362143181","2.3492391914586","2.69955715634857","2.47840620988639","2.67059430371255","3.47654895385628","3.44906300474429","3.49887179188661","3.42162469319446","",
"South Asia","SAS","Personal remittances, received (% of GDP)","BX.TRF.PWKR.DT.GD.ZS","","","","","","","","","","","","","","","","0.428734954844225","0.578967944957699","0.762907652844235","0.860466097415047","0.970316998303355","1.55754401322366","1.33483148864397","1.53271956501156","1.49295429760341","1.30629519369427","1.25149005374845","1.13345567449669","1.2136775380762","1.04075784922749","1.12386439261884","0.988036244891347","1.45093749134488","1.32116601894294","1.59698188013213","2.0613446457335","1.99129651512198","2.40075828066303","2.6500809629433","2.47077214453928","2.64966803257437","2.96043599404019","3.14846155199458","3.46800019137299","3.80153559673745","3.07850723025477","3.20815488375006","3.55421021028354","3.5786734415713","4.79295495713176","4.39492297236966","3.84681758773378","4.10382405590471","4.55565595176498","4.54068601984894","4.23229781510024","4.0570743010569","3.36767311289819","3.14161603560476","3.47322624507117","3.51817795901666","3.78965529237027","3.37382862343663","3.80911333525275","3.89131155933505","4.19980930743543","4.18346513358094",
"Saudi Arabia","SAU","Personal remittances, received (% of GDP)","BX.TRF.PWKR.DT.GD.ZS","","","","","","","","","","","","","","","","","","","","","","","","","","","","","","","","","","","","","","","","","","","","","","0.0285778415860194","0.0280180319959532","0.0296820194500949","0.0415906113055459","0.0499652915232391","0.044770287230573","0.035808339973939","0.0327055489847342","0.0349167043120865","0.0347205659958046","0.0426057491739427","0.0460425534219694","0.0392285559698217","0.0377766708836924","0.0375782473904536","0.0393583696631861","0.0300118046534322","0.0231657002868662","0.0256318796460361","0.0269879301341444","0.0274538093624285",
"Sudan","SDN","Personal remittances, received (% of GDP)","BX.TRF.PWKR.DT.GD.ZS","","","","","","","","","","","","","","","","","","0.539977088127204","0.848576773244481","1.51917087698553","2.92901999821265","3.57072374838844","1.52431271017573","3.33482888692612","2.72568634675561","3.2297220660129","1.12284734448386","1.13961780181918","1.51229584369902","1.94661423063948","0.184000453732359","0.102781919713578","1.75911784494813","0.846750939334101","0.83790618110843","2.50318793131751","2.45633858044061","3.59210412438876","6.10299093006523","6.22634558577957","5.2279053672398","4.70592373590819","5.39054462793254","5.72972558690793","5.26514155309879","2.00038128356386","1.76924651120825","1.68187819520526","2.45341731335629","2.70121549859099","2.46856150399008","1.49807774183835","1.58330324714586","1.43991386908741","1.02300097644082","0.292676390954571","0.35986421105173","0.515788151199867","1.3150777470696","1.61517721904827","1.8323008553696","3.26916579487434","2.90211266882246","","","",
"Senegal","SEN","Personal remittances, received (% of GDP)","BX.TRF.PWKR.DT.GD.ZS","","","","","","","","","","","","","","","0.405685625672841","0.929789769646516","1.6026602779674","1.46574282321871","1.69541598277914","1.37753744125008","1.70848017527566","1.66489537356238","1.65199715833827","1.65201100551798","1.54248603727166","2.07960496719063","2.02054956578529","1.81618912108973","1.83134014284159","1.77120619747389","1.9221784412251","2.24063085947681","2.26100551800047","2.30739229192535","2.26099711591967","2.30826430046111","2.29399088378989","2.49053797482666","2.2660269638954","2.82171172973436","3.89255689035804","4.68582034866017","4.94009386830665","5.83985035446419","6.29198352828336","7.16810194584695","7.91649262318438","8.52763606097829","8.79367495093011","8.39740817469453","9.17493229577627","9.07151792128529","8.92495688291066","9.39758184999065","9.75703421992328","9.88904378802765","10.4020429653907","10.2499606672152","10.5012036444705","10.7915365396284","10.6291398745498","11.2519045633329","10.4760303181811","10.6434131462934","","",
"Singapore","SGP","Personal remittances, received (% of GDP)","BX.TRF.PWKR.DT.GD.ZS","","","","","","","","","","","","","","","","","","","","","","","","","","","","","","","","","","","","","","","","","","","","","","","","","","","","","","","","","","","","","","","","","","",
"Solomon Islands","SLB","Personal remittances, received (% of GDP)","BX.TRF.PWKR.DT.GD.ZS","","","","","","","","","","","","","","","","","","","","","","","","","","","","","","","","","","","","","","","","0.482819311594813","1.0296972503208","1.1057285258514","0.930936716138631","0.92924189863787","1.85822386225207","1.29546470225154","1.74022240303695","1.81692601474062","1.17752691861635","1.55351549407298","1.58981973165005","1.59121527059446","1.74845980973339","1.60510766640477","1.22307361385831","1.42119164835544","1.47030963362168","1.11095840117937","1.2317763676495","1.57330203401248","1.79077316018124","3.2748037745436","5.53259070949236","5.61387942907796","6.00889889149161","",
"Sierra Leone","SLE","Personal remittances, received (% of GDP)","BX.TRF.PWKR.DT.GD.ZS","","","","","","","","","","","","","","","","","","","","","0.00865428184067157","0.00789310497125368","0.00623246923329074","0.00533020586032941","0.00732734951451878","0.00458175550573196","0.0117951917639148","0.0115701146349742","0.0075790506416817","0.00555517982847143","0.00416726406064887","0.00355959731877845","0.00965868096939789","0.00751775120024834","0.00613060237890917","2.7187934168807","2.68093716212694","0.703880217990903","3.02373096096648","3.3578343700112","1.12209015629416","0.369632729574982","1.12807602327933","1.20830021207708","1.10464732324622","0.0956715762182489","0.478669954381079","1.15536322944526","0.543029646606229","0.907977333602363","1.03731168182259","1.20970912123052","1.05075847260537","0.928467296264853","0.812242743298837","0.709504864789017","0.957115876973238","1.10536706174991","1.14576246374955","2.72079422269001","2.646899955164","2.56439301497754","4.08881666032325","4.56684008152197","4.60220597454006","",
"El Salvador","SLV","Personal remittances, received (% of GDP)","BX.TRF.PWKR.DT.GD.ZS","","","","","","","","","","","","","","","","","0.455271699483237","1.83571062959062","2.16882557129887","2.88713615985311","1.37214748604202","2.10869309736454","3.30078714655798","3.29231465287043","4.3455421378047","4.13538843837411","4.17033768815837","4.71545830520708","5.02973845312992","5.4393480417124","7.60302421006045","9.04805681175698","11.9432493979899","11.9119085590144","12.6537665416914","11.9245255553808","11.3060791324854","11.7346956868564","12.2370060693863","12.2826639768873","14.9699688017602","15.6669630441719","15.4182774717149","16.0171947035328","18.6742099302803","20.6055245611648","21.7670246482945","21.8028715446677","20.8749261267512","19.3296980618829","18.8196648675298","17.96484307191","18.3017912730118","18.0368594542296","18.4140727443947","18.23780572274","18.8561820072362","20.0020638968604","20.720840026323","21.0435800685611","23.8002795557104","26.2452495089243","24.6343743602102","24.6887762522154","24.3362060637199","27.5112692575543",
"San Marino","SMR","Personal remittances, received (% of GDP)","BX.TRF.PWKR.DT.GD.ZS","","","","","","","","","","","","","","","","","","","","","","","","","","","","","","","","","","","","","","","","","","","","","","","","","","","","","","","","","","1.08369848912596","1.12987940148479","1.07580000130215","1.14318450631864","1.13404665517794","1.19322440012997","1.09952553095948","","",
"Somalia, Fed. Rep.","SOM","Personal remittances, received (% of GDP)","BX.TRF.PWKR.DT.GD.ZS","","","","","","","","","","","","","","","","","","","","6.21611059050417","9.50212578365538","1.02223726620339","2.56875384017375","2.95080769214427","","","","","","","","","","","","","","","","","","","","","","","","","","","","","","","","","","","","","","","","","","",
"Serbia","SRB","Personal remittances, received (% of GDP)","BX.TRF.PWKR.DT.GD.ZS","","","","","","","","","","","","","","","","","","","","","","","","","","","","","","","","","","","","","","","","","","","","","","","","8.38576701294338","6.53900673539529","9.90263820260451","9.45743060186176","7.72855684113365","7.8629667921666","7.97691420264237","7.52536510903647","8.16137247405661","7.59108132372082","7.80815302066673","8.4217005195992","7.86772487224268","6.92365039942266","6.94943672867267","8.53793327986465","7.0960644346216","6.39726380960879","6.5606773755677",
"Sub-Saharan Africa (excluding high income)","SSA","Personal remittances, received (% of GDP)","BX.TRF.PWKR.DT.GD.ZS","","","","","","","","","","","","","","","","","","0.469814973991836","0.466364983216708","0.507295762016851","0.564321748235721","0.430895328011879","0.525378497078331","0.671706306964601","0.68905352415931","0.679204776430486","0.666105066492246","0.763613237635076","0.761591864981797","0.846879984470729","0.699769486871713","0.663946141003083","0.830421213747145","0.963314176202916","0.906089206555417","0.692666454221368","0.563728180628617","0.706437023757223","0.709692963435577","1.29959692047632","1.2849785215078","1.1132247501046","1.1717907715176","1.08020745877068","1.23219740276543","2.68282442187326","2.68371646549495","2.54225205508657","2.31485202636205","2.39785804885372","2.24150357864902","2.34002773145186","2.25864021607504","2.14771858112077","2.1509389750026","2.5690716157337","2.54754072230329","2.59450060406607","2.71396306899291","2.40257655163801","2.23476621754558","2.19182252663566","2.30929617285835","2.57974616441356","3.22094196167294","",
"South Sudan","SSD","Personal remittances, received (% of GDP)","BX.TRF.PWKR.DT.GD.ZS","","","","","","","","","","","","","","","","","","","","","","","","","","","","","","","","","","","","","","","","","","","","","","","","","","","","","","","0.0142213144985937","9.49107276206113","","","","","","","","","","",
"Sub-Saharan Africa","SSF","Personal remittances, received (% of GDP)","BX.TRF.PWKR.DT.GD.ZS","","","","","","","","","","","","","","","","","","0.469814973991836","0.466364983216708","0.507295762016851","0.564321748235721","0.430895328011879","0.525378497078331","0.671706306964601","0.68905352415931","0.679204776430485","0.666105066492246","0.763613237635076","0.761591864981797","0.84743649149503","0.701225469116523","0.665258177858535","0.832564260966917","0.961915280718533","0.9048147251618","0.69193163421547","0.563265580175703","0.705662206359934","0.708835937944651","1.29730920823369","1.28357567417739","1.11170605119385","1.17009311903043","1.07957023652479","1.23153611405361","2.68094134482483","2.68190287662742","2.54001968039419","2.31326447806196","2.39749691001486","2.24117607752086","2.34005822475813","2.25821947737993","2.14681765912732","2.15013892305231","2.56795307340704","2.54632756909548","2.5931421050006","2.71247135809445","2.40150587748256","2.23363165974753","2.19070350701307","2.30768798881347","2.57749139933831","3.21757765344488","",
"Small states","SST","Personal remittances, received (% of GDP)","BX.TRF.PWKR.DT.GD.ZS","","","","","","","","","","","","","","","","","","","","","","","","","","","2.00705150404292","2.10631622290082","2.09721846978575","2.31211279793727","2.22248754251736","1.8449819361603","1.8249716372427","","1.81458425375029","1.49694635719306","1.57072115424717","1.5508123765849","1.49406215421824","1.49612987322365","1.51530725493148","1.43650919289222","1.43950635080767","1.44824897446564","1.88720261025033","1.92620935090746","1.87929498178771","1.83165146891324","2.26832583376607","2.40659391102846","2.58017026143803","2.54700771076319","2.53880055112843","2.31917546444822","2.4579878176412","2.49392246037843","2.48397619262791","2.32328979638298","2.35265478411808","2.4443803522605","2.68985029066433","2.75760593232046","2.51111795423887","2.35497365496315","2.10325084981476","",
"Sao Tome and Principe","STP","Personal remittances, received (% of GDP)","BX.TRF.PWKR.DT.GD.ZS","","","","","","","","","","","","","","","","","","","0.542680589139469","0.9074827961763","0.94734651651558","1.14461186641657","0.886862482320741","1.4592071870816","4.16061411354982","0.336019867237675","0.0737663921801218","0.0604522864920567","0.0643421151264256","0.159532829819597","0.259853624648574","","","","","","","0.870319422578952","0.691702575378147","0.724429464637463","0.608674239259223","0.728982294029063","0.936151823077734","1.78424485952369","0.960008792286549","1.09929843777982","1.12064355357449","1.34095964898456","1.59556505244825","0.99667079546691","3.34870935753936","3.0387204738688","2.77231216260778","9.94852796036063","9.15254067284932","7.68470166250658","6.17408867598701","5.64966039806413","4.63261082748776","2.69130098337055","1.82933358998671","2.01972579004646","18.869112414756","14.151421791732","9.7140205684079","",
"Suriname","SUR","Personal remittances, received (% of GDP)","BX.TRF.PWKR.DT.GD.ZS","","","","","","","","","","","","","","","","","","0.483242385814497","0.639021048130524","0.690095858785942","0.754716981132076","0.686164218785152","0.437158469945355","0.67911714770798","0.682870381365741","0.515463917525773","0.19079686285073","0.214285704591837","0.241171399827735","0.368595650571323","0.128733264675592","0.91497431488507","1.13692533489867","0.816298532034573","0.033030960858312","0.0385584650848101","0.0386979181252944","0.0431768449060769","0.121528561371922","0.259508528977578","0.131902181342317","0.0239727857498286","1.38079306171446","1.84430848275993","0.61316933718826","0.217462774035517","0.0799579517069109","0.095347971715668","0.0622705712518045","0.118697123519459","0.0984348628366547","0.0880493207643258","0.161797003012048","0.13591182980513","0.168564637405158","0.130808596217732","0.0450212160147506","2.72610217041801","2.46931546272122","2.39483099124346","4.25950717003706","4.74967050714786","3.90785134019277","4.22998557374277","3.62948526004521","3.89347175895606",
"Slovak Republic","SVK","Personal remittances, received (% of GDP)","BX.TRF.PWKR.DT.GD.ZS","","","","","","","","","","","","","","","","","","","","","","","","","","","","","","","","","","0.561215853581818","0.299562861112447","0.126774311607304","0.0950720402043412","0.132243402971131","0.101320961539825","0.0924500129202848","0.0862761827697473","0.105242243772977","0.0984682610714387","1.25978167308281","1.6358636142668","2.48015213673674","2.35231531732955","2.15726331745866","2.12065420652301","1.87176307184746","1.74607904404672","1.75907867572122","2.03452702807638","2.37503404973024","2.37004484724447","2.3247238213663","2.35459021885111","2.66377475372368","2.65825469283724","2.40419675294541","2.28680381155773","2.01545323866653","2.00029336003364","2.04292332913556","2.09641430973558","2.06837826511672",
"Slovenia","SVN","Personal remittances, received (% of GDP)","BX.TRF.PWKR.DT.GD.ZS","","","","","","","","","","","","","","","","","","","","","","","","","","","","","","","","","0.26825872125895","0.361263221347273","1.6669951639413","1.26360586685102","1.28267829263001","1.14826743984677","1.01774201712558","0.985861399274168","1.00351250699341","0.958930083748042","0.916234005353069","0.785747553479431","0.763835851955304","0.726328193130941","0.711647352866662","0.668767017402775","0.685004128504553","0.347085515755768","0.344121764428004","0.410846429519538","0.539533452766329","0.656155949580958","0.75397861953478","0.935404889593576","1.02047590436179","1.04250490977839","1.20106840325198","1.22957508655493","1.38253126686938","1.34304781454004","1.30050005654386","1.33494617852124","1.24322954820764","1.36567432905824",
"Sweden","SWE","Personal remittances, received (% of GDP)","BX.TRF.PWKR.DT.GD.ZS","","","","","","","","","","","0.0152458737399122","0.0282012412029952","0.0257729711140412","0.0270207441370652","0.0307548896983563","0.0316442248781754","0.0463779076507924","0.0641407770722133","0.0466847024550227","0.0378122076953546","0.046507591875214","0.0522371908963734","0.00011933049857345","0.023397904055874","0.0206160437431231","0.0204839514473173","0.0122671840302164","0.0537271826906509","0.0504769163826846","0.058477679413939","0.0583266458545622","0.0755738821772555","0.0817830579734148","0.108806028864042","0.109016239422319","0.095570269028031","0.0924547614468406","0.117727499757602","0.0463523472911586","0.132689756729209","0.166526475482417","0.238428874258299","0.191537067129128","0.406322759067493","0.41498789209035","0.462486454983771","0.531346565961411","0.654110718402948","0.795837339535769","0.913618976010282","0.824144202287768","0.768518383014625","0.781004729278552","0.800169166567215","0.811795911155394","0.753181670692242","0.622135553852926","0.609110894318936","0.595465560285736","0.637456781334233","0.600055566280723","0.516425772955722","0.643140850059057","0.670256262604243","0.731816782700279","0.781425493373283",
"Eswatini","SWZ","Personal remittances, received (% of GDP)","BX.TRF.PWKR.DT.GD.ZS","","","","","","","","","","","","","","","1.33630287527913","2.76735550459054","3.58649685388006","3.97125461792082","4.18635958811612","4.09340822936005","6.5152575376786","6.99647673175724","6.92136481296936","9.55228696245757","10.6511271246604","13.2054643753556","12.2478823116568","13.5037398851633","13.6973265821036","15.751172653581","10.1211095138","9.39715716014895","8.61590561214341","6.09624290264541","5.43006359605018","4.83957559768474","4.7041780949862","4.8785845712676","4.96954422018831","4.52292517904252","3.34653311122768","3.50776031910564","3.16590205930471","3.03425341558291","3.05488726456248","3.08016532028299","2.97498938027191","2.80503497899072","2.77007261094194","2.65112347253424","1.25415973953922","1.34464647124668","1.86497822442185","1.68303260069011","2.23624245322414","2.45051336541341","2.64408785593644","3.23609729846212","2.70766715363343","2.57096803957662","2.72077742488106","2.74945537528106","2.66466521696542","1.72996659494869","0.68629088651435","",
"Sint Maarten (Dutch part)","SXM","Personal remittances, received (% of GDP)","BX.TRF.PWKR.DT.GD.ZS","","","","","","","","","","","","","","","","","","","","","","","","","","","","","","","","","","","","","","","","","","","","","","","","","","","","5.77763189305323","5.6462854876183","7.09229929000546","4.56506626525152","3.88728098682249","4.26760385611931","4.06853182807701","4.04693142602507","3.45172058516586","3.12887136730092","3.43529953089954","3.04516078787503","2.84742394790918","","",
"Seychelles","SYC","Personal remittances, received (% of GDP)","BX.TRF.PWKR.DT.GD.ZS","","","","","","","","","","","","","","","","","","","","","","","","","","","","","","1.31329467139646","1.91359971522524","1.83780902200819","2.33224736138522","0.0574121414489185","0.0573227744007987","0.0932054307060707","0.131569781792263","0.0365374131277061","0.0176151948288051","0.0282384525462965","0.482872126800744","0.270495488319912","0.266786419926875","0.646617738401431","0.762398321300641","1.23745767039872","1.22702546052916","0.442586505056857","0.32276706132354","1.89487044159841","1.77023815024686","2.38563441895517","1.6218967240906","0.965699864509755","1.08649434133115","1.28624600761003","1.40815016800627","1.29292273605809","1.27296516055049","1.26549711742768","0.721830959030331","0.639618917399878","0.545934947469437","0.525748951585882","0.536012369558519","",
"Syrian Arab Republic","SYR","Personal remittances, received (% of GDP)","BX.TRF.PWKR.DT.GD.ZS","","","","","","","","","","","","","","","","","","1.20127157033465","6.85591677793325","9.07783418630369","5.92156719329042","2.80960396491175","2.51979753952561","2.19736147685255","1.83624840559389","2.13124733066862","2.42981277455895","2.94112064645452","3.4035982090547","4.36397776362905","3.12788811268298","2.69607528469271","4.14982658827328","2.57010057836159","5.2855062527045","2.974543543938","2.26983297556513","1.64078710354105","1.44728785340897","1.24733241198791","0.950518559132986","0.846672592543536","0.649444783547751","4.07272359967714","3.40815183987023","2.8518028427879","2.35542902828428","2.54648222918896","2.52105503119905","2.49461664489869","2.64296583627308","","","","","","","","","","","","","","","",
"Turks and Caicos Islands","TCA","Personal remittances, received (% of GDP)","BX.TRF.PWKR.DT.GD.ZS","","","","","","","","","","","","","","","","","","","","","","","","","","","","","","","","","","","","","","","","","","","","","","","","","","","","","","","0.74910752086807","0.561360099566529","0.621174333113159","0.644187609248404","0.569257773358117","","","","","","","",
"Chad","TCD","Personal remittances, received (% of GDP)","BX.TRF.PWKR.DT.GD.ZS","","","","","","","","","","","","","","","","","","","","","","","","","","0.00323192310241991","0.115198887720646","0.116401352387047","0.0233248584675857","0.0553177376840213","","","0.01084098688672","0.0219627472387805","0.0613692116858663","","","","","","","","","","","","","","","","","","","","","","","","","","","","","","","",
"East Asia & Pacific (IDA & IBRD countries)","TEA","Personal remittances, received (% of GDP)","BX.TRF.PWKR.DT.GD.ZS","","","","","","","","","","","","","","","","","","","","","","","0.811413960879617","0.654890238964369","0.49693435140343","0.443923092807547","0.489889486724341","0.491921872672951","0.519008215408086","0.47762361044375","0.474399761172647","0.513407397831572","0.516089848479135","0.572641733285941","0.600407133309317","0.642792225653219","0.641079992953848","0.921246613161442","0.591527716773438","0.67011698279496","0.720246317475494","0.763535656437392","0.847226329388315","0.907080586306287","0.939554152619685","0.833927824441905","0.784804388760069","0.712886347088374","0.653899247001026","0.648041173185487","0.627156058237505","0.571130889242953","0.544177296966013","0.540379642117067","0.621589364623189","0.634661300588684","0.585502131559637","0.566510532710811","0.507972856884446","0.452005263863692","0.420209378727403","0.375424437542271","0.412428994674063","0.437763860098006","0.449147752854815","0.4709908953532",
"Europe & Central Asia (IDA & IBRD countries)","TEC","Personal remittances, received (% of GDP)","BX.TRF.PWKR.DT.GD.ZS","","","","","","","","","","","","","","","4.02662363856394","2.84951908160099","1.9086491739553","1.67338824197671","1.49137113597573","1.89028472697167","3.00913853095247","3.49816478926718","3.32456491488916","2.44807921874326","3.01480195116629","2.54935248108732","2.1592895752291","","","","","","","","1.20915157596319","0.617270253743407","0.625463688364642","0.696923137750348","1.18095243848938","1.22965670707999","1.26688023761411","1.277500027349","1.18915440094456","1.08881119642875","1.21552981692373","1.37652920953056","1.39889162721993","1.50764558646194","1.47074861027044","1.56235502889286","1.32712023197857","1.24227118738952","1.21892209814476","1.35433353249891","1.41177866728303","1.58515709110947","1.7036957182292","1.79070941464147","1.90480226565358","1.97375907436438","1.98042088320433","1.93379906547279","1.83408276807426","1.68362022501163","1.54085847974415","1.63977227579883",
"Togo","TGO","Personal remittances, received (% of GDP)","BX.TRF.PWKR.DT.GD.ZS","","","","","","","","","","","","","","","0.520194162602055","0.547009455190238","0.810026147614983","0.731100883710286","0.801768865240054","0.631965546473231","0.619047622980193","0.578677535349944","0.526890007429489","0.562026850686459","0.651700474961123","1.43090904670632","1.42991429441612","1.1363037777055","1.09074131660899","1.19670171824615","1.1686296413278","1.28034728090046","0.679493427979076","0.67267647771643","1.10301104809396","0.812368121972792","1.41924585832465","1.24052809707664","0.828452637671676","1.02676949745548","1.62490481578172","3.27215590385134","4.28232894085514","4.97616841543138","5.60907480546356","5.97710750798199","6.99733415643112","7.57521621566031","7.39102501234152","7.1127086196545","7.09857631302237","4.50819213697193","6.36811583568694","6.6006287364145","6.69232431286361","6.31994557449691","6.04771440269533","6.31882473746726","6.413439558884","7.2639351033788","8.68798915490316","","","","","",
"Thailand","THA","Personal remittances, received (% of GDP)","BX.TRF.PWKR.DT.GD.ZS","","","","","","","","","","","","","","","","0.123969665550469","0.141414143785214","0.227757129241074","0.434851335802732","0.689182769827997","1.18419542771002","1.37136038315536","1.69100812126526","2.11283731069875","2.13717091257217","2.2551225876074","1.84522522324579","1.66587099568977","1.50283006965797","1.30546460985407","1.14038917293867","1.03767808284504","0.398882024705938","0.862515175853927","0.873253604515569","1.00147132988323","0.986667775411706","1.10427566694746","1.25309816710135","1.15271390203076","1.34247612413907","1.04113397829786","1.02753993777109","1.05551871248278","0.938066184455039","0.626996608307589","0.60126724633111","0.621751616741776","0.651517114747723","1.35174167814254","1.29964762665379","1.41730161893501","1.42288274079939","1.56657940260133","1.60164242752634","1.46890617750532","1.51682060620959","1.47255762472914","1.47331423952061","1.43105200387804","1.57382197533319","1.7151382291628","1.80529582419524","1.87461678402191","1.78625378315436","2.08841274417232",
"Tajikistan","TJK","Personal remittances, received (% of GDP)","BX.TRF.PWKR.DT.GD.ZS","","","","","","","","","","","","","","","","","","","","","","","","","","","","","","","","","","","","","","","","","","","6.43374005428851","9.38871507024825","12.1377953734503","24.4070340378686","34.4803707889679","40.6960068537209","44.1265382636326","31.4438313512332","35.8104365109815","41.7379526470592","42.2158394555421","43.7683574907798","37.1359784024863","27.306557809196","26.70605713952","29.6849721562403","28.1177144978702","27.9717718939678","26.8848943162433","32.6893794785095","49.8953124537059","37.8445781946342","47.1531186167275","57.6648462573476",
"Turkmenistan","TKM","Personal remittances, received (% of GDP)","BX.TRF.PWKR.DT.GD.ZS","","","","","","","","","","","","","","","","","","","","","","","","","","","","","","","","","","","","","0.185811096774194","","","","","","","","","","","","","","","","","","","","","","","","","","","","","",
"Latin America & the Caribbean (IDA & IBRD countries)","TLA","Personal remittances, received (% of GDP)","BX.TRF.PWKR.DT.GD.ZS","","","","","","","","","","","","","","","","","","","","0.211272080011928","0.318325084087693","0.320962949857161","0.325056347921315","0.37910367229754","0.395286065859566","0.393857188917886","0.456463922394677","0.517178200372486","0.506399751953291","0.525732598036247","0.562405828279764","0.633353229705515","0.714480704958594","0.627064909706311","0.682150446895489","0.730491942009294","0.672573782807727","0.654150481701273","0.727770058310196","0.911622929700063","0.905653201504633","1.11509589115477","1.43933896583709","1.85453158591328","1.88219875548214","1.86737947237103","1.88191016579845","1.71900261499514","1.49833821545078","1.34920310398937","1.1060536879622","1.02985774132842","1.02802921355995","1.04075391443371","1.09586223336163","1.3788408195537","1.51891611646045","1.53762962965766","1.72725248262715","1.90025503048293","2.41802664411085","2.61943622260831","2.53515867107754","2.41728843743369","2.50732269912492","2.02514270224142",
"Timor-Leste","TLS","Personal remittances, received (% of GDP)","BX.TRF.PWKR.DT.GD.ZS","","","","","","","","","","","","","","","","","","","","","","","","","","","","","","","","","","","","","","","","","","","","","","","0.802640648057872","1.92427531344144","2.72241156837984","15.5925106412363","15.5498924462933","13.1310751549157","10.3278007315465","2.41091109266752","3.01753595629315","3.87265180071162","4.88731058262397","5.49218880956419","6.19033662133261","3.7249179001692","4.43213622107415","4.13904346571031","4.5494821908424","9.27928641794635","11.7692428737998","9.98564930435264",
"Middle East, North Africa, Afghanistan & Pakistan (IDA & IBRD)","TMN","Personal remittances, received (% of GDP)","BX.TRF.PWKR.DT.GD.ZS","","","","","","","","","","","","","","","","","","","","","","","","","","","","","","","","3.67167424004476","4.4645994498976","4.87098033784703","4.18648775478032","3.73655921489079","3.04376431076548","3.19294034309703","2.96928573668968","2.71214435325374","2.29010826500814","2.58084309059182","3.51539383701103","4.01352924319329","3.81968881255384","4.1319062391454","3.91179057600184","","","","","","","4.47469112692448","4.92089903810881","5.09800663719892","5.09172333178467","5.50363144745728","5.27500779285144","5.38915532096805","6.16966144438144","6.32623522991179","5.34659308658177","4.91257703709764","5.50444339129557","",
"Tonga","TON","Personal remittances, received (% of GDP)","BX.TRF.PWKR.DT.GD.ZS","","","","","","","","","","","","","","","","20.5944270718966","17.893099306087","16.2330765733491","14.5723622638596","14.715230122728","13.3089211561298","12.216556642621","13.0812960717474","27.069070591187","20.9559289511617","36.4166340091153","30.6030031763657","27.4137751785042","15.5752471819718","13.9806702091456","21.0967158001726","14.1939201542692","15.565127752696","15.136854790421","","","","","","","","29.1578543230523","34.0341202990835","28.9664744319715","28.371381391903","26.3389358002772","26.6921966200665","27.402284709264","30.0437832481079","26.222026864383","20.1778418075396","20.3642452840362","19.3683402749797","27.1542792079469","27.0502705275497","29.5475594662712","29.9964496119631","34.4805618936887","35.143601288296","35.8964953476347","37.5001328188681","41.5310113352555","38.6793402824367","42.6104231876126","39.1970300425845","",
"South Asia (IDA & IBRD)","TSA","Personal remittances, received (% of GDP)","BX.TRF.PWKR.DT.GD.ZS","","","","","","","","","","","","","","","","0.428734954844225","0.578967944957699","0.762907652844235","0.860466097415047","0.970316998303355","1.55754401322366","1.33483148864397","1.53271956501156","1.49295429760341","1.30629519369427","1.25149005374845","1.13345567449669","1.2136775380762","1.04075784922749","1.12386439261884","0.988036244891347","1.45093749134488","1.32116601894294","1.59698188013213","2.0613446457335","1.99129651512198","2.40075828066303","2.6500809629433","2.47077214453928","2.64966803257437","2.96043599404019","3.14846155199458","3.46800019137299","3.80153559673745","3.07850723025477","3.20815488375006","3.55421021028354","3.5786734415713","4.79295495713176","4.39492297236966","3.84681758773378","4.10382405590471","4.55565595176499","4.54068601984894","4.23229781510024","4.0570743010569","3.36767311289819","3.14161603560476","3.47322624507117","3.51817795901666","3.78965529237027","3.37382862343663","3.80911333525275","3.89131155933505","4.19980930743543","4.18346513358094",
"Sub-Saharan Africa (IDA & IBRD countries)","TSS","Personal remittances, received (% of GDP)","BX.TRF.PWKR.DT.GD.ZS","","","","","","","","","","","","","","","","","","0.469814973991836","0.466364983216708","0.507295762016851","0.564321748235721","0.430895328011879","0.525378497078331","0.671706306964601","0.68905352415931","0.679204776430486","0.666105066492246","0.763613237635076","0.761591864981797","0.847436491495031","0.701225469116523","0.665258177858535","0.832564260966917","0.961915280718533","0.9048147251618","0.691931634215469","0.563265580175703","0.705662206359934","0.708835937944651","1.29730920823369","1.28357567417739","1.11170605119385","1.17009311903043","1.07957023652479","1.23153611405361","2.68094134482483","2.68190287662742","2.54001968039419","2.31326447806196","2.39749691001487","2.24117607752086","2.34005822475813","2.25821947737994","2.14681765912732","2.15013892305231","2.56795307340704","2.54632756909548","2.5931421050006","2.71247135809445","2.40150587748256","2.23363165974753","2.19070350701307","2.30768798881347","2.57749139933831","3.21757765344488","",
"Trinidad and Tobago","TTO","Personal remittances, received (% of GDP)","BX.TRF.PWKR.DT.GD.ZS","","","","","","","","","","","","","","","","0.107545159218093","0.0656760396493846","0.0451359375637213","0.0397679398509425","0.0307809297251528","0.0962180943471869","0.0607830284250045","0.0603982168152736","0.0622551407760425","0.0472686264725788","0.0448231986356594","0.0034762457575898","0.04400185381195","0.0381833967034278","0.0751102171066239","0.0668554721981058","0.0975237856837304","0.120684657728144","0.418619398731311","0.541421994765066","0.570399200766955","0.488339428240153","0.526334835766711","0.737422887912161","0.798944626956499","0.467235755790754","0.46346403549596","0.878079277491562","0.767770630471132","0.654353082509129","0.578136346785195","0.496478889665135","0.505507442361403","0.339054962370327","0.570097319287738","0.410237050995271","0.636337414134119","0.511228746131578","0.508147285225119","0.491379947339566","0.578227256414542","0.6144631030123","0.56688354960305","0.580781247027516","0.613406035763923","0.930835122563685","0.965999163414196","0.721089455082734","0.808146849836887","0.776983327920758","0.769221165204792",
"Tunisia","TUN","Personal remittances, received (% of GDP)","BX.TRF.PWKR.DT.GD.ZS","","","","","","","","","","","","","","","","","3.15571661821948","3.28520426564624","3.70385428792007","3.93565559721989","3.64306576840729","4.27678871159076","4.57913188082583","4.30479567420826","3.83631567310493","3.22015369035068","3.85453262218423","4.72912980252989","4.93037347755621","4.45260204736326","4.48346758219995","4.01184006953312","3.42920376526506","3.05531032810378","4.02180300283281","3.77066354176973","3.75531568691048","3.29942280495308","3.29473366226966","3.31792561673733","3.70667246965086","4.20173772010119","4.62505818398393","4.55401146418396","4.59003431419085","4.31539618298049","4.39262875850702","4.40894710281036","4.40701942168731","4.52066560776586","4.4654169829179","4.16533721221503","4.78893888412121","4.70471677441917","4.66786649981485","4.3062419406206","4.10560044761404","4.48331805727785","3.97992085606504","4.26980521845833","5.36706286105133","6.30339440555567","6.24650668661797","5.95811983250858","6.33501731969712","",
"Turkiye","TUR","Personal remittances, received (% of GDP)","BX.TRF.PWKR.DT.GD.ZS","","","","","","","","","","","","","","","4.02662363856394","2.84951908160099","1.9086491739553","1.67338824197671","1.49137113597573","1.89028472697167","3.00913853095247","3.49816478926718","3.32456491488916","2.44807921874326","3.01480195116629","2.54935248108732","2.1592895752291","2.31792419625304","1.95432909394116","2.85921805846196","2.1545844631433","1.86645811277241","1.8905781036211","1.61792962807647","2.01070876547796","1.41755657751548","1.41472338314943","1.59087215402001","1.94033103384245","1.76605385544194","1.65969991141949","1.37787724444451","0.80406014331259","0.231140269860042","0.196022601695607","0.269124878375521","0.327515529341584","0.305883374387631","0.314540862594515","0.28047340059558","0.232446499042421","0.223053389308349","0.212463719897603","0.19757471711574","0.184539939588783","0.1618792223735","0.137916301302749","0.122239974980242","0.145492463528356","0.110330158016913","0.11122799635979","0.0864348823920577","0.0751540758235723","0.0901648572680327","0.0722524337048219","",
"Tuvalu","TUV","Personal remittances, received (% of GDP)","BX.TRF.PWKR.DT.GD.ZS","","","","","","","","","","","","","","","","","","","","","","","","","","","","","","","","","","","","","","","","","","30.0625348124173","39.3173972663244","25.9257225720287","21.2489056729897","21.5876214981944","15.091556174651","19.6328938900665","18.8699861305791","17.3315047963502","12.0889957599589","11.5534537202338","9.85762963342946","9.47104594788349","8.39384293865458","7.16698176374851","6.16580136632364","6.05491393630005","5.55942594710148","4.49313366530589","4.20808592693722","4.78869636213275","4.56722761510599","5.13501093179237","","",
"Tanzania","TZA","Personal remittances, received (% of GDP)","BX.TRF.PWKR.DT.GD.ZS","","","","","","","","","","","","","","","","","","","0.00140004046419339","","","","","","","","","","","","","","","","","0.0110116715468817","0.204780419722925","0.0142163080405771","0.0944764747345558","0.0566736424870793","0.0598276561122789","0.112452161752192","0.0849277822878242","0.0585084126575583","0.0827587516211578","0.105278043508675","0.0826036026538426","0.116472451758856","0.131744608110375","0.135463661736654","1.07546529301513","1.1817575399217","0.983947056198732","0.836671074056767","0.779177186782429","0.817837412905957","0.80871167213341","0.755768361208259","0.724356462206761","0.710344138914676","0.493668773904517","0.790350505202583","0.929057337649894","1.56634796064718","1.41761823085648","",
"Uganda","UGA","Personal remittances, received (% of GDP)","BX.TRF.PWKR.DT.GD.ZS","","","","","","","","","","","","","","","","","","","","","","","","","","","","","","","","","","","","","","","","3.87759518401116","3.84451009725314","5.96823153396514","7.15101582229103","4.52233112806554","3.9112406570327","3.48306925852649","4.11920738293375","3.79390404551528","5.010393033851","3.10849794382896","2.88972509986159","2.9285299123868","3.34456530850099","3.25311704295492","2.72169905951299","2.7855387117841","3.92429417509553","3.7917038905646","4.06369509425149","4.02937856649093","2.82418111836855","2.85028028798949","2.74413888269122","3.10402269113861","2.65140809528268","",
"Ukraine","UKR","Personal remittances, received (% of GDP)","BX.TRF.PWKR.DT.GD.ZS","","","","","","","","","","","","","","","","","","","","","","","","","","","","","","","","","","","","","0.0134653442755677","0.0239274846034381","0.0286515688204848","0.0569969457690008","1.29420513887627","2.1089006274417","2.71179261802868","2.92826299291522","2.78636671290806","2.69837586661565","2.77249574349844","3.55668840350097","3.60532981523366","4.88761394320421","4.62788640442269","4.61927764801976","4.62726263528925","5.07457234295051","5.50845447210468","9.30892003656947","10.1461215673731","10.8233966749932","11.2261271501125","10.2597396240268","9.71346014003703","9.04058383088579","10.360546734925","8.25895300735777","6.28819306178658","",
"Upper middle income","UMC","Personal remittances, received (% of GDP)","BX.TRF.PWKR.DT.GD.ZS","","","","","","","","","","","","","","","","","","","","","","","0.758297487672005","0.705308365755766","0.67908896085439","0.643580411022876","0.689367126104354","0.709513861512362","0.670530844269698","0.700035657629179","0.694254854318719","0.762845011607616","0.827497818117309","0.800206052288141","0.817755914591433","0.837104088302232","0.763916620273039","0.869572072706675","0.874866289875263","0.963199781192247","0.980558370492394","1.07573518286883","1.22569208545218","1.35694613344674","1.37270322995","1.28197186633182","1.26075423735184","1.20658174349272","1.09532751756975","1.04689455693002","0.921989314472921","0.844272715169537","0.817030962879103","0.809059276548349","0.868243833486135","0.918747665394821","0.909711569912249","0.904374039677567","0.890411044788742","0.8690888799417","0.90707274757282","0.88753756084293","0.930672549932674","0.942989968275767","0.943771919663929","0.862520230618628",
"Uruguay","URY","Personal remittances, received (% of GDP)","BX.TRF.PWKR.DT.GD.ZS","","","","","","","","","","","","","","","","","","","","0.0584861890135255","","","","","","","","","","","","","","","","","","","","","","2.88918074404212E-05","0.264968642487607","0.512661024648079","0.510700586359985","0.44198018204895","0.450497566369658","0.405399277911785","0.346765354298287","0.30901312831289","0.297711381718448","0.255919432671405","0.168907169778097","0.161154729026498","0.15908431079509","0.156495396899523","0.157345013875127","0.168263680064354","0.174395036178059","0.180436375646829","0.207465889667471","0.207005858411362","0.175695441980546","0.169941418823101","0.165351379944981","0.175730049290702",
"United States","USA","Personal remittances, received (% of GDP)","BX.TRF.PWKR.DT.GD.ZS","","","","","","","","","","","","","","","","","","0.00960695082105805","0.00935533651783318","0.00875412442960219","0.00279983914924088","0.00249451129561487","0.00239249545949221","0.00220140791042912","0.00198136869482043","0.00184375172131508","0.0198269249203702","0.0204728317901473","0.0190014662638992","0.0180800414068399","0.0196205223284898","0.0211103080172565","0.0275446308137613","0.0265361863913396","0.0266630585313828","0.0285218794491809","0.0270155709278269","0.0264644271465798","0.0268900938858194","0.0440860156998546","0.0428740667208275","0.0426481787961344","0.0418149404324671","0.0407805210165453","0.0387486621316381","0.0367737369103327","0.0366832148885791","0.0360571907531096","0.0363171978180974","0.0396461765234268","0.0394046875364435","0.0391288773422518","0.0387782184906211","0.0391749551839816","0.0369317868817248","0.0359551416699813","0.033661416035267","0.0323626707631849","0.0336019878666858","0.032725189835349","0.0319387614132418","0.029895920637774","0.0294112973617648","0.0302033146915359","0.0297358049503221","0.0293925517635856",
"Uzbekistan","UZB","Personal remittances, received (% of GDP)","BX.TRF.PWKR.DT.GD.ZS","","","","","","","","","","","","","","","","","","","","","","","","","","","","","","","","","","","","","","","","","","","","","","7.17193652621924","8.180185407437","7.64888686011818","12.2843587985737","6.46524882083396","6.18494354622285","7.28053972389326","8.0829323297038","7.79147129024255","7.4633464579014","4.9640763777428","5.92110004959139","9.86511688347538","12.4100140915204","12.179098017749","10.1012633712903","11.4289013918049","16.4521404037101","13.1771038486206","13.6616648886765","14.2840818720217",
"St. Vincent and the Grenadines","VCT","Personal remittances, received (% of GDP)","BX.TRF.PWKR.DT.GD.ZS","","","","","","","","","","","","","","","","","","","","","","","","","","","8.63486353886912","8.60636460403123","7.45439553447466","7.1574983123912","6.50241163084177","0.960699999665717","0.734196776143268","6.07479685471456","5.86579300762656","4.90494831344788","5.01106120533619","4.94153230100748","4.83162663441618","4.75098109845108","4.50818349111687","4.21001906627894","4.18836559039194","4.06605558463183","3.90043243538137","6.78088790950996","6.2584888762714","5.79609617907738","5.76937961520689","5.73232449733298","5.83424780316507","6.01142549824729","5.89469045137797","5.70156146729894","5.64615892746813","5.31302901273169","5.51355988353207","5.41318754254512","5.24004668226651","8.71387186266932","7.28760488020117","7.8833728427168","8.9600494606505","8.5465572841826","7.94054934292645","7.03655778820335",
"Venezuela, RB","VEN","Personal remittances, received (% of GDP)","BX.TRF.PWKR.DT.GD.ZS","","","","","","","","","","","","","","","","","","","","","","","","","","0.00161380209622134","0.00165245217087923","0.00208207391793183","0.00166040103838046","0.0022969122393035","0.00205731887075095","0.00374157364035856","0.00331035288456954","0.00333125347726206","0.00342356324462501","0.00258433032396038","0.00567028341429872","0.0198048226434156","0.0186124397166639","0.017351747252488","0.014511748053598","0.0154583351527264","0.0204535108004192","0.248742449712348","0.127166046362776","0.101708783394637","0.0899292720383389","0.065548432809308","0.0433608263059885","0.0400257585249293","0.0363689675955094","0.0436043493161516","0.0317335150486221","0.0464194374113506","0.0595795670045259","0.128542973846863","0.247016248469813","","","","","","","","","",
"British Virgin Islands","VGB","Personal remittances, received (% of GDP)","BX.TRF.PWKR.DT.GD.ZS","","","","","","","","","","","","","","","","","","","","","","","","","","","","","","","","","","","","","","","","","","","","","","","","","","","","","","","","","","","","","","","","","","",
"Virgin Islands (U.S.)","VIR","Personal remittances, received (% of GDP)","BX.TRF.PWKR.DT.GD.ZS","","","","","","","","","","","","","","","","","","","","","","","","","","","","","","","","","","","","","","","","","","","","","","","","","","","","","","","","","","","","","","","","","","",
"Viet Nam","VNM","Personal remittances, received (% of GDP)","BX.TRF.PWKR.DT.GD.ZS","","","","","","","","","","","","","","","","","","","","","","","","","","","","","","","","","","","","","","","","","4.29865814068281","3.365437690751","5.04789720062267","5.30939712398707","5.08498588717851","","","","","","","","","","","","","","","","","","","","","",
"Vanuatu","VUT","Personal remittances, received (% of GDP)","BX.TRF.PWKR.DT.GD.ZS","","","","","","","","","","","","","","","","","","","","","","","8.16997724394495","6.08672697091059","5.86092235410776","6.6247129130429","6.3419996426951","6.06808172360362","5.0580894805348","4.75247748142042","4.86231732194759","4.49929611826124","6.73840714174229","6.0069134778846","7.753083352314","2.45798091648119","13.6091786569757","5.69304402413276","2.96621853032085","3.58959639646834","4.96544257412461","7.14558538479983","1.5602349499982","1.27050445933217","1.3507012316284","1.29065774861419","1.13568433422872","1.07344288245763","1.50768571790169","1.93918510177723","1.75464256611849","2.82617478189998","2.94669266653432","2.74630318875897","4.72969321753369","4.63594485005929","5.37504649069668","8.60971564442765","11.1334684404332","14.3279185126734","12.4905327404624","18.2689297525208","17.1746444751632","","","",
"World","WLD","Personal remittances, received (% of GDP)","BX.TRF.PWKR.DT.GD.ZS","","","","","","","","","","","","","","","","","","0.310249095904638","0.337921885254057","0.365619963343913","0.417460184745287","0.391033009576934","0.402652262783326","0.393829660889844","0.363143786826422","0.389252471336722","0.397379558155155","0.40162196250799","0.390636529817753","0.394279892496804","0.402446793968451","0.338229114851864","0.347403798790121","0.340854360188244","0.348709375118471","0.314072282547646","0.31664627691069","0.362405894729163","0.360711085711682","0.363184428714365","0.370800746506118","0.404101902427864","0.450244555764364","0.493704649482558","0.502486885821397","0.541935358720334","0.579936162499584","0.613321625498008","0.649911397697747","0.6554542989958","0.640015090204649","0.645756680737655","0.666447759995985","0.689081773694834","0.716601904398884","0.744260235013413","0.71964910990735","0.72712794811351","0.734469331548421","0.740995742950814","0.760894605842056","0.745652804353006","0.770592528022905","0.76333840230934","0.793001612939896","0.760443127793412",
"Samoa","WSM","Personal remittances, received (% of GDP)","BX.TRF.PWKR.DT.GD.ZS","","","","","","","","","","","","","","","","","","6.10403279907538","11.08817048224","10.6333037973684","15.1096998447706","16.075721089925","15.6737676365502","17.8790409188934","18.3148616108286","25.1119120249855","28.727704839007","33.1203123932118","28.5679777710599","33.3635477649272","34.1904073990936","27.8668620709466","30.2336209266678","24.0379383817216","16.7346525866854","18.0210199115718","17.7160892271171","16.3199801980594","15.5861693950045","17.4899843425704","17.3841733230786","16.8982609961969","15.9693312634393","13.4962404163296","0.220180437568609","17.1145729093442","17.4198031034425","16.8511667588686","16.9967839153785","19.0267796814339","20.3605367271693","21.446615155367","22.9835277179653","20.6313051807729","17.6358550896559","15.9140548421844","15.4952028697843","15.3390745749237","16.7986529554725","17.0014488402496","23.4968429809637","28.8911917637226","31.4726825614257","25.3547277221951","24.0063248792493","22.3700202891107",
"Kosovo","XKX","Personal remittances, received (% of GDP)","BX.TRF.PWKR.DT.GD.ZS","","","","","","","","","","","","","","","","","","","","","","","","","","","","","","","","","","","","","","","","","","","","","","","","","22.1880171551384","20.9721663573777","18.8377158612949","15.6644127311021","15.3421928963345","15.7141012113739","15.5341380529375","15.4294827135612","14.7515567879028","15.4868984296972","15.6842891170399","15.8116010397288","18.5673041097655","18.0094743545338","17.2173081650418","17.5090273259915","17.2874455804947","17.3096569708026",
"Yemen, Rep.","YEM","Personal remittances, received (% of GDP)","BX.TRF.PWKR.DT.GD.ZS","","","","","","","","","","","","","","","","","","","","","","","","","","","","","","","11.8492652148596","6.80715761671814","5.66946485920665","4.77807151324413","3.78058374643848","8.44381690760479","17.4641537239759","17.0890459195288","19.0187699069376","16.0118846052966","13.306724333759","13.1392852113566","12.1008875366279","10.7823944151896","9.2488665668748","7.66574357129597","6.72816636330819","6.10386942458968","5.24145352381548","4.61594571372614","4.93743283602093","4.28986760853835","9.46574563057419","8.2703963723937","7.75065844763373","7.89383968135786","12.0397376477868","","","","","","","","","",
"South Africa","ZAF","Personal remittances, received (% of GDP)","BX.TRF.PWKR.DT.GD.ZS","","","","","","","","","","","0.0725785170418013","0.0656877606169354","0.0688219027430118","0.0477358596154046","0.0638044074112536","0.0830285216836301","0.0698655611603275","0.0634260040338949","0.0846777590713731","0.0810976275349872","0.0750424943696606","0.0932539735117002","0.09365309994221","0.0764868283588145","0.0763486073787994","0.0600503904008369","0.0484134980759506","0.0468580966454457","0.0477943850911667","0.0819450419655747","0.107573483787533","0.0954941693774868","0.0811651988699996","0.0690923030759448","0.0643371830043216","0.0481478809615024","0.0458760618462823","0.104154475445804","0.169042032624031","0.202526744496003","0.213942568890892","0.20793962485649","0.207737367096158","0.198356742543212","0.182996532323742","0.212408122435475","0.227714479492041","0.237888209522884","0.247901308841603","0.261422597614696","0.256268349621624","0.252820402352178","0.249662280256129","0.242127513628629","0.239613276998032","0.238024279262203","0.233457316957649","0.229090018644241","0.229245847513525","0.228613058346216","0.239923790431449","0.220638358471984","0.214147215380552","0.210618728835036","0.213233288359423","0.235201009549448",
"Zambia","ZMB","Personal remittances, received (% of GDP)","BX.TRF.PWKR.DT.GD.ZS","","","","","","","","","","","","","","","","","","","","","","","","","","","","","","","","","","","","","","","","","","","","0.740533750328314","0.777996182235087","0.634551414348252","0.452148922045772","0.421855141774828","0.380746682103106","0.269200668811698","0.215426137308377","0.197262177740629","0.285706886938104","0.192530588228428","0.21480509866741","0.221382796923137","0.183527454334704","0.361929111908977","0.40653553151388","0.421556142689402","0.743558162947741","1.08483362686231","0.834891790615501","0.890885868311165","1.32123122514255","",
"Zimbabwe","ZWE","Personal remittances, received (% of GDP)","BX.TRF.PWKR.DT.GD.ZS","","","","","","","","","","","","","","","","","","0.404095339317904","0.29611336994169","0.374463275085041","0.252782300601536","0.353000490694463","0.385008212314232","0.251752091265282","0.0598908807653839","0.0109862715041876","0.012620040274623","0.0169471294143425","0.0176875103401348","0.00859108934969243","0.00965642619172432","0.00404628881679389","0.00870062014803849","0.0171427741444288","0.633650029807448","","","","","","","","","","","","","","","12.4670470084947","11.7303949428856","13.6046211793426","12.3431522034478","9.89632068363253","9.76119992592177","10.2466038635812","9.02773657007639","3.38955919567546","4.18170276624164","4.24755720869798","5.72874763592075","6.23337550487173","7.56924974242452","9.20296579593946","8.45310225048767","",
